CITGO PETROLEUM CORP,1011746,1011746,10-K,24-Mar-00,https://www.sec.gov/index.htm
CITGO PETROLEUM CORP,1011746,1011746,10-K,21-Mar-01,https://www.sec.gov/Archives/edgar/data/1011746/000095012901001555/h84773e10-k.txt
CITGO PETROLEUM CORP,1011746,1011746,10-K,28-Mar-02,https://www.sec.gov/Archives/edgar/data/1011746/000095012902001575/h95032e10-k.txt
CITGO PETROLEUM CORP,1011746,1011746,10-K,24-Mar-03,https://www.sec.gov/Archives/edgar/data/1011746/000095012903001503/h03365e10vk.txt
CITGO PETROLEUM CORP,1011746,1011746,10-K,30-Mar-04,https://www.sec.gov/Archives/edgar/data/1011746/000095012904001636/h13896e10vk.txt
CITGO PETROLEUM CORP,1011746,1011746,10-K,31-Mar-05,https://www.sec.gov/Archives/edgar/data/1011746/000095012905003139/h23806e10vk.txt
RAYTHEON CO/,1047122,1047122,10-K,28-Mar-00,https://www.sec.gov/index.htm
RAYTHEON CO/,1047122,1047122,10-K,19-Mar-02,https://www.sec.gov/Archives/edgar/data/1047122/000092701602001497/d10k.txt
RAYTHEON CO/,1047122,1047122,10-K,24-Mar-03,https://www.sec.gov/Archives/edgar/data/1047122/000092701603001276/d10k.htm
RAYTHEON CO/,1047122,1047122,10-K,15-Mar-04,https://www.sec.gov/Archives/edgar/data/1047122/000119312504042073/d10k.htm
RAYTHEON CO/,1047122,1047122,10-K,15-Mar-05,https://www.sec.gov/Archives/edgar/data/1047122/000119312505050699/d10k.htm
RAYTHEON CO/,1047122,1047122,10-K,2-Mar-06,https://www.sec.gov/Archives/edgar/data/1047122/000119312506042984/d10k.htm
RAYTHEON CO/,1047122,1047122,10-K,22-Feb-07,https://www.sec.gov/Archives/edgar/data/1047122/000119312507037249/d10k.htm
RAYTHEON CO/,1047122,1047122,10-K,27-Feb-08,https://www.sec.gov/Archives/edgar/data/1047122/000119312508039853/d10k.htm
RAYTHEON CO/,1047122,1047122,10-K,25-Feb-09,https://www.sec.gov/Archives/edgar/data/1047122/000119312509037012/d10k.htm
RAYTHEON CO/,1047122,1047122,10-K,24-Feb-10,https://www.sec.gov/Archives/edgar/data/1047122/000119312510038391/d10k.htm
RAYTHEON CO/,1047122,1047122,10-K,23-Feb-11,https://www.sec.gov/Archives/edgar/data/1047122/000119312511043015/d10k.htm
RAYTHEON CO/,1047122,1047122,10-K,22-Feb-12,https://www.sec.gov/Archives/edgar/data/1047122/000104712212000044/rtn-12312011x10k.htm
RAYTHEON CO/,1047122,1047122,10-K,13-Feb-13,https://www.sec.gov/Archives/edgar/data/1047122/000104712213000015/rtn-12312012x10k.htm
RAYTHEON CO/,1047122,1047122,10-K,11-Feb-14,https://www.sec.gov/Archives/edgar/data/1047122/000104712214000013/rtn-1231201310k.htm
RAYTHEON CO/,1047122,1047122,10-K,11-Feb-15,https://www.sec.gov/Archives/edgar/data/1047122/000104712215000026/rtn-1231201410k.htm
RAYTHEON CO/,1047122,1047122,10-K,10-Feb-16,https://www.sec.gov/Archives/edgar/data/1047122/000104712216000210/rtn-1231201510k.htm
RAYTHEON CO/,1047122,1047122,10-K,15-Feb-17,https://www.sec.gov/Archives/edgar/data/1047122/000104712217000018/rtn-12312016x10k.htm
RAYTHEON CO/,1047122,1047122,10-K,14-Feb-18,https://www.sec.gov/Archives/edgar/data/1047122/000104712218000022/rtn-12312017x10k.htm
RAYTHEON CO/,1047122,1047122,10-K,13-Feb-19,https://www.sec.gov/ix?doc=/Archives/edgar/data/1047122/000104712219000007/rtn-12312018x10k.htm
UNOCAL CORP,716039,716039,10-K,14-Mar-00,https://www.sec.gov/index.htm
UNOCAL CORP,716039,716039,10-K,15-Mar-02,https://www.sec.gov/Archives/edgar/data/716039/000071603902000006/f10k2001_body.txt
UNOCAL CORP,716039,716039,10-K,21-Mar-03,https://www.sec.gov/Archives/edgar/data/716039/000089843003001993/d10k.htm
UNOCAL CORP,716039,716039,10-K,11-Mar-04,https://www.sec.gov/Archives/edgar/data/716039/000119312504039151/d10k.htm
UNOCAL CORP,716039,716039,10-K,8-Mar-05,https://www.sec.gov/Archives/edgar/data/716039/000119312505044680/d10k.htm
OCCIDENTAL PETROLEUM CORP /DE/,797468,797468,10-K,9-Mar-01,https://www.sec.gov/Archives/edgar/data/797468/000079746801500004/form-10k2000.txt
OCCIDENTAL PETROLEUM CORP /DE/,797468,797468,10-K,13-Mar-02,https://www.sec.gov/Archives/edgar/data/797468/000079746802000010/form10k-20020313.txt
OCCIDENTAL PETROLEUM CORP /DE/,797468,797468,10-K,4-Mar-03,https://www.sec.gov/Archives/edgar/data/797468/000079746803000111/form10k-20021231.txt
OCCIDENTAL PETROLEUM CORP /DE/,797468,797468,10-K,1-Mar-04,https://www.sec.gov/Archives/edgar/data/797468/000079746804000033/form10k-20031231.txt
OCCIDENTAL PETROLEUM CORP /DE/,797468,797468,10-K,1-Mar-05,https://www.sec.gov/Archives/edgar/data/797468/000079746805000041/form10k-20041231.txt
OCCIDENTAL PETROLEUM CORP /DE/,797468,797468,10-K,1-Mar-06,https://www.sec.gov/Archives/edgar/data/797468/000079746806000031/form10k-2005.htm
OCCIDENTAL PETROLEUM CORP /DE/,797468,797468,10-K,27-Feb-07,https://www.sec.gov/Archives/edgar/data/797468/000079746807000027/form10k-2006.htm
OCCIDENTAL PETROLEUM CORP /DE/,797468,797468,10-K,22-Feb-08,https://www.sec.gov/Archives/edgar/data/797468/000079746808000026/form10k-2007.htm
OCCIDENTAL PETROLEUM CORP /DE/,797468,797468,10-K,24-Feb-09,https://www.sec.gov/Archives/edgar/data/797468/000079746809000015/form10k-2008.htm
OCCIDENTAL PETROLEUM CORP /DE/,797468,797468,10-K,25-Feb-10,https://www.sec.gov/Archives/edgar/data/797468/000079746810000020/form10k-2009.htm
OCCIDENTAL PETROLEUM CORP /DE/,797468,797468,10-K,24-Feb-11,https://www.sec.gov/Archives/edgar/data/797468/000079746811000026/form10k-2010.htm
OCCIDENTAL PETROLEUM CORP /DE/,797468,797468,10-K,23-Feb-12,https://www.sec.gov/Archives/edgar/data/797468/000079746812000016/form10k-2011.htm
OCCIDENTAL PETROLEUM CORP /DE/,797468,797468,10-K,26-Feb-13,https://www.sec.gov/Archives/edgar/data/797468/000079746813000011/oxy10k12-31x2012.htm
OCCIDENTAL PETROLEUM CORP /DE/,797468,797468,10-K,3-Mar-14,https://www.sec.gov/Archives/edgar/data/797468/000079746814000011/oxy10k12-31x2013.htm
OCCIDENTAL PETROLEUM CORP /DE/,797468,797468,10-K,23-Feb-15,https://www.sec.gov/Archives/edgar/data/797468/000079746815000003/oxy10k12-31x2014.htm
OCCIDENTAL PETROLEUM CORP /DE/,797468,797468,10-K,26-Feb-16,https://www.sec.gov/Archives/edgar/data/797468/000079746816000017/oxy10k12-31x2015.htm
OCCIDENTAL PETROLEUM CORP /DE/,797468,797468,10-K,23-Feb-17,https://www.sec.gov/Archives/edgar/data/797468/000079746817000003/oxy10k12-31x2016.htm
OCCIDENTAL PETROLEUM CORP /DE/,797468,797468,10-K,23-Feb-18,https://www.sec.gov/Archives/edgar/data/797468/000079746818000005/oxy10k12-31x2017.htm
OCCIDENTAL PETROLEUM CORP /DE/,797468,797468,10-K,21-Feb-19,https://www.sec.gov/Archives/edgar/data/797468/000079746819000004/oxy10k12-31x2018.htm
FORTUNE BRANDS INC,789073,789073,10-K,12-Mar-03,https://www.sec.gov/Archives/edgar/data/789073/000104746903008474/a2105037z10-k.txt
FORTUNE BRANDS INC,789073,789073,10-K,12-Mar-04,https://www.sec.gov/Archives/edgar/data/789073/000119312504040155/d10k.htm
FORTUNE BRANDS INC,789073,789073,10-K,14-Mar-05,https://www.sec.gov/Archives/edgar/data/789073/000120677405000320/d16514_10k1.htm
FORTUNE BRANDS INC,789073,789073,10-K,9-Mar-06,https://www.sec.gov/Archives/edgar/data/789073/000119312506049050/d10k.htm
FORTUNE BRANDS INC,789073,789073,10-K,1-Mar-07,https://www.sec.gov/Archives/edgar/data/789073/000104746907001501/a2176419z10-k.htm
FORTUNE BRANDS INC,789073,789073,10-K,28-Feb-08,https://www.sec.gov/Archives/edgar/data/789073/000119312508041927/d10k.htm
FORTUNE BRANDS INC,789073,789073,10-K,27-Feb-09,https://www.sec.gov/Archives/edgar/data/789073/000119312509041120/d10k.htm
FORTUNE BRANDS INC,789073,789073,10-K,24-Feb-10,https://www.sec.gov/Archives/edgar/data/789073/000119312510038294/d10k.htm
FORTUNE BRANDS INC,789073,789073,10-K,23-Feb-11,https://www.sec.gov/Archives/edgar/data/789073/000119312511043658/d10k.htm
"Fortune Brands Home & Security, Inc.",1519751,1519751,10-K,22-Feb-12,https://www.sec.gov/Archives/edgar/data/1519751/000119312512072886/d289278d10k.htm
"Fortune Brands Home & Security, Inc.",1519751,1519751,10-K,27-Feb-13,https://www.sec.gov/Archives/edgar/data/1519751/000119312513079983/d441040d10k.htm
"Fortune Brands Home & Security, Inc.",1519751,1519751,10-K,26-Feb-14,https://www.sec.gov/Archives/edgar/data/1519751/000119312514069698/d643089d10k.htm
"Fortune Brands Home & Security, Inc.",1519751,1519751,10-K,25-Feb-15,https://www.sec.gov/Archives/edgar/data/1519751/000119312515062500/d852986d10k.htm
"Fortune Brands Home & Security, Inc.",1519751,1519751,10-K,25-Feb-16,https://www.sec.gov/Archives/edgar/data/1519751/000119312516478315/d121353d10k.htm
"Fortune Brands Home & Security, Inc.",1519751,1519751,10-K,28-Feb-17,https://www.sec.gov/Archives/edgar/data/1519751/000119312517062357/d341756d10k.htm
"Fortune Brands Home & Security, Inc.",1519751,1519751,10-K,28-Feb-18,https://www.sec.gov/Archives/edgar/data/1519751/000119312518063999/d486021d10k.htm
"Fortune Brands Home & Security, Inc.",1519751,1519751,10-K,25-Feb-19,https://www.sec.gov/Archives/edgar/data/1519751/000119312519049951/d654795d10k.htm
GENERAL DYNAMICS CORP,40533,40533,10-K,27-Mar-00,https://www.sec.gov/index.htm
GENERAL DYNAMICS CORP,40533,40533,10-K,29-Mar-01,https://www.sec.gov/Archives/edgar/data/40533/000095013301001070/w46524e10-k.htm
GENERAL DYNAMICS CORP,40533,40533,10-K,24-Mar-03,https://www.sec.gov/Archives/edgar/data/40533/000095013303000882/w84261e10vk.htm
GENERAL DYNAMICS CORP,40533,40533,10-K,5-Mar-04,https://www.sec.gov/Archives/edgar/data/40533/000095013304000738/w94591e10vk.htm
GENERAL DYNAMICS CORP,40533,40533,10-K,4-Mar-05,https://www.sec.gov/Archives/edgar/data/40533/000119312505042255/d10k.htm
GENERAL DYNAMICS CORP,40533,40533,10-K,3-Mar-06,https://www.sec.gov/Archives/edgar/data/40533/000119312506044567/d10k.htm
GENERAL DYNAMICS CORP,40533,40533,10-K,23-Feb-07,https://www.sec.gov/Archives/edgar/data/40533/000119312507037776/d10k.htm
GENERAL DYNAMICS CORP,40533,40533,10-K,22-Feb-08,https://www.sec.gov/Archives/edgar/data/40533/000119312508035841/d10k.htm
GENERAL DYNAMICS CORP,40533,40533,10-K,20-Feb-09,https://www.sec.gov/Archives/edgar/data/40533/000119312509033556/d10k.htm
GENERAL DYNAMICS CORP,40533,40533,10-K,19-Feb-10,https://www.sec.gov/Archives/edgar/data/40533/000119312510034883/d10k.htm
GENERAL DYNAMICS CORP,40533,40533,10-K,18-Feb-11,https://www.sec.gov/Archives/edgar/data/40533/000119312511039769/d10k.htm
GENERAL DYNAMICS CORP,40533,40533,10-K,17-Feb-12,https://www.sec.gov/Archives/edgar/data/40533/000119312512066385/d271667d10k.htm
GENERAL DYNAMICS CORP,40533,40533,10-K,8-Feb-13,https://www.sec.gov/Archives/edgar/data/40533/000004053313000005/gd-2012123110k.htm
GENERAL DYNAMICS CORP,40533,40533,10-K,7-Feb-14,https://www.sec.gov/Archives/edgar/data/40533/000004053314000002/gd-2013123110k.htm
GENERAL DYNAMICS CORP,40533,40533,10-K,9-Feb-15,https://www.sec.gov/Archives/edgar/data/40533/000004053315000009/gd-2014123110k.htm
GENERAL DYNAMICS CORP,40533,40533,10-K,8-Feb-16,https://www.sec.gov/Archives/edgar/data/40533/000004053316000056/gd-2015123110k.htm
GENERAL DYNAMICS CORP,40533,40533,10-K,6-Feb-17,https://www.sec.gov/Archives/edgar/data/40533/000004053317000006/gd-2016123110k.htm
GENERAL DYNAMICS CORP,40533,40533,10-K,12-Feb-18,https://www.sec.gov/Archives/edgar/data/40533/000004053318000008/gd-2017123110k.htm
GENERAL DYNAMICS CORP,40533,40533,10-K,13-Feb-19,https://www.sec.gov/Archives/edgar/data/40533/000004053319000010/gd-2018123110k.htm
SUNOCO INC,95304,95304,10-K,7-Mar-02,https://www.sec.gov/Archives/edgar/data/95304/000095010902001197/d10k.txt
SUNOCO INC,95304,95304,10-K,7-Mar-03,https://www.sec.gov/Archives/edgar/data/95304/000095010903001224/d10k.htm
SUNOCO INC,95304,95304,10-K,5-Mar-04,https://www.sec.gov/Archives/edgar/data/95304/000119312504035428/d10k.htm
SUNOCO INC,95304,95304,10-K,4-Mar-05,https://www.sec.gov/Archives/edgar/data/95304/000119312505042637/d10k.htm
SUNOCO INC,95304,95304,10-K,3-Mar-06,https://www.sec.gov/Archives/edgar/data/95304/000119312506044595/d10k.htm
SUNOCO INC,95304,95304,10-K,26-Feb-07,https://www.sec.gov/Archives/edgar/data/95304/000119312507039341/d10k.htm
SUNOCO INC,95304,95304,10-K,27-Feb-08,https://www.sec.gov/Archives/edgar/data/95304/000119312508039862/d10k.htm
SUNOCO INC,95304,95304,10-K,25-Feb-09,https://www.sec.gov/Archives/edgar/data/95304/000119312509037075/d10k.htm
SUNOCO INC,95304,95304,10-K,24-Feb-10,https://www.sec.gov/Archives/edgar/data/95304/000119312510038658/d10k.htm
SUNOCO INC,95304,95304,10-K,28-Feb-11,https://www.sec.gov/Archives/edgar/data/95304/000119312511050224/d10k.htm
SUNOCO INC,95304,95304,10-K,28-Feb-12,https://www.sec.gov/Archives/edgar/data/95304/000119312512085407/d264773d10k.htm
MONSANTO CO /NEW/,1110783,1110783,10-K,26-Mar-01,https://www.sec.gov/Archives/edgar/data/1110783/000106880001500073/ex3p2.txt
MONSANTO CO /NEW/,1110783,1110783,10-K,13-Mar-03,https://www.sec.gov/Archives/edgar/data/1110783/000106880003000177/mon10k.txt
MONSANTO CO /NEW/,1110783,1110783,10-K,3-Nov-04,https://www.sec.gov/Archives/edgar/data/1110783/000095013704009377/c89126e10vk.htm
MONSANTO CO /NEW/,1110783,1110783,10-K,8-Nov-05,https://www.sec.gov/Archives/edgar/data/1110783/000095013705013493/c99635e10vk.htm
MONSANTO CO /NEW/,1110783,1110783,10-K,2-Nov-06,https://www.sec.gov/Archives/edgar/data/1110783/000095013706011768/c08447e10vk.htm
MONSANTO CO /NEW/,1110783,1110783,10-K,26-Oct-07,https://www.sec.gov/Archives/edgar/data/1110783/000095013707016049/c18705e10vk.htm
MONSANTO CO /NEW/,1110783,1110783,10-K,24-Oct-08,https://www.sec.gov/Archives/edgar/data/1110783/000095013708012951/c46844e10vk.htm
MONSANTO CO /NEW/,1110783,1110783,10-K,27-Oct-09,https://www.sec.gov/Archives/edgar/data/1110783/000095012309053644/c53507e10vk.htm
MONSANTO CO /NEW/,1110783,1110783,10-K,27-Oct-10,https://www.sec.gov/Archives/edgar/data/1110783/000095012310096537/c60329e10vk.htm
MONSANTO CO /NEW/,1110783,1110783,10-K,14-Nov-11,https://www.sec.gov/Archives/edgar/data/1110783/000095012311098240/c66258e10vk.htm
MONSANTO CO /NEW/,1110783,1110783,10-K,19-Oct-12,https://www.sec.gov/Archives/edgar/data/1110783/000119312512428583/d410012d10k.htm
MONSANTO CO /NEW/,1110783,1110783,10-K,23-Oct-13,https://www.sec.gov/Archives/edgar/data/1110783/000111078313000205/mon-20130831x10k.htm
MONSANTO CO /NEW/,1110783,1110783,10-K,29-Oct-14,https://www.sec.gov/Archives/edgar/data/1110783/000111078314000215/mon-20140831x10k.htm
MONSANTO CO /NEW/,1110783,1110783,10-K,29-Oct-15,https://www.sec.gov/Archives/edgar/data/1110783/000111078315000230/mon-20150831x10k.htm
MONSANTO CO /NEW/,1110783,1110783,10-K,19-Oct-16,https://www.sec.gov/Archives/edgar/data/1110783/000111078316000532/mon-20160831x10k.htm
MONSANTO CO /NEW/,1110783,1110783,10-K,27-Oct-17,https://www.sec.gov/Archives/edgar/data/1110783/000111078317000187/mon-20170831x10k.htm
BAXTER INTERNATIONAL INC,10456,10456,10-K,14-Mar-01,https://www.sec.gov/Archives/edgar/data/10456/000095013101500106/d10k.txt
BAXTER INTERNATIONAL INC,10456,10456,10-K,13-Mar-02,https://www.sec.gov/Archives/edgar/data/10456/000095013102000882/d10k.txt
BAXTER INTERNATIONAL INC,10456,10456,10-K,12-Mar-03,https://www.sec.gov/Archives/edgar/data/10456/000095013103001306/d10k.txt
BAXTER INTERNATIONAL INC,10456,10456,10-K,12-Mar-04,https://www.sec.gov/Archives/edgar/data/10456/000119312504040579/d10k.htm
BAXTER INTERNATIONAL INC,10456,10456,10-K,16-Mar-05,https://www.sec.gov/Archives/edgar/data/10456/000119312505052405/d10k.htm
BAXTER INTERNATIONAL INC,10456,10456,10-K,7-Mar-06,https://www.sec.gov/Archives/edgar/data/10456/000095013706002686/c02804e10vk.htm
BAXTER INTERNATIONAL INC,10456,10456,10-K,28-Feb-07,https://www.sec.gov/Archives/edgar/data/10456/000095013707002905/n12610e10vk.htm
BAXTER INTERNATIONAL INC,10456,10456,10-K,26-Feb-08,https://www.sec.gov/Archives/edgar/data/10456/000095013708002771/c22852e10vk.htm
BAXTER INTERNATIONAL INC,10456,10456,10-K,19-Feb-09,https://www.sec.gov/Archives/edgar/data/10456/000095013709001173/c48741e10vk.htm
BAXTER INTERNATIONAL INC,10456,10456,10-K,23-Feb-10,https://www.sec.gov/Archives/edgar/data/10456/000095012310015380/c54958e10vk.htm
BAXTER INTERNATIONAL INC,10456,10456,10-K,23-Feb-11,https://www.sec.gov/Archives/edgar/data/10456/000095012311017190/c61460e10vk.htm
BAXTER INTERNATIONAL INC,10456,10456,10-K,23-Feb-12,https://www.sec.gov/Archives/edgar/data/10456/000119312512075661/d267280d10k.htm
BAXTER INTERNATIONAL INC,10456,10456,10-K,21-Feb-13,https://www.sec.gov/Archives/edgar/data/10456/000119312513069609/d410594d10k.htm
BAXTER INTERNATIONAL INC,10456,10456,10-K,21-Feb-14,https://www.sec.gov/Archives/edgar/data/10456/000119312514061654/d596470d10k.htm
BAXTER INTERNATIONAL INC,10456,10456,10-K,26-Feb-15,https://www.sec.gov/Archives/edgar/data/10456/000119312515065871/d848964d10k.htm
BAXTER INTERNATIONAL INC,10456,10456,10-K,26-Feb-16,https://www.sec.gov/Archives/edgar/data/10456/000119312516479471/d213870d10k.htm
BAXTER INTERNATIONAL INC,10456,10456,10-K,23-Feb-17,https://www.sec.gov/Archives/edgar/data/10456/000156459017002240/bax-10k_20161231.htm
BAXTER INTERNATIONAL INC,10456,10456,10-K,23-Feb-18,https://www.sec.gov/Archives/edgar/data/10456/000156459018002954/bax-10k_20171231.htm
BAXTER INTERNATIONAL INC,10456,10456,10-K,21-Feb-19,https://www.sec.gov/Archives/edgar/data/10456/000156459019003727/bax-10k_20181231.htm
UNISYS CORP,746838,746838,10-K,14-Feb-00,https://www.sec.gov/index.htm
UNISYS CORP,746838,746838,10-K,2-Feb-01,https://www.sec.gov/Archives/edgar/data/746838/000103605001000142/0001036050-01-000142-0001.txt
UNISYS CORP,746838,746838,10-K,19-Feb-02,https://www.sec.gov/Archives/edgar/data/746838/000093066102000536/d10k.txt
UNISYS CORP,746838,746838,10-K,19-Feb-03,https://www.sec.gov/Archives/edgar/data/746838/000102140803003172/d10k.txt
UNISYS CORP,746838,746838,10-K,18-Feb-04,https://www.sec.gov/Archives/edgar/data/746838/000119312504025390/d10k.htm
UNISYS CORP,746838,746838,10-K,18-Feb-05,https://www.sec.gov/Archives/edgar/data/746838/000119312505032226/d10k.htm
UNISYS CORP,746838,746838,10-K,24-Feb-06,https://www.sec.gov/Archives/edgar/data/746838/000119312506038890/d10k.htm
UNISYS CORP,746838,746838,10-K,23-Feb-07,https://www.sec.gov/Archives/edgar/data/746838/000119312507038291/d10k.htm
UNISYS CORP,746838,746838,10-K,29-Feb-08,https://www.sec.gov/Archives/edgar/data/746838/000119312508043792/d10k.htm
UNISYS CORP,746838,746838,10-K,2-Mar-09,https://www.sec.gov/Archives/edgar/data/746838/000119312509042668/d10k.htm
UNISYS CORP,746838,746838,10-K,24-Feb-10,https://www.sec.gov/Archives/edgar/data/746838/000119312510038558/d10k.htm
UNISYS CORP,746838,746838,10-K,22-Feb-11,https://www.sec.gov/Archives/edgar/data/746838/000119312511041209/d10k.htm
UNISYS CORP,746838,746838,10-K,24-Feb-12,https://www.sec.gov/Archives/edgar/data/746838/000119312512078426/d265690d10k.htm
UNISYS CORP,746838,746838,10-K,22-Feb-13,https://www.sec.gov/Archives/edgar/data/746838/000119312513071504/d444691d10k.htm
UNISYS CORP,746838,746838,10-K,24-Feb-14,https://www.sec.gov/Archives/edgar/data/746838/000119312514063880/d627493d10k.htm
UNISYS CORP,746838,746838,10-K,23-Feb-15,https://www.sec.gov/Archives/edgar/data/746838/000119312515058367/d825749d10k.htm
UNISYS CORP,746838,746838,10-K,29-Feb-16,https://www.sec.gov/Archives/edgar/data/746838/000119312516483720/d13712d10k.htm
UNISYS CORP,746838,746838,10-K,21-Feb-17,https://www.sec.gov/Archives/edgar/data/746838/000074683817000008/a2016uis10-k.htm
UNISYS CORP,746838,746838,10-K,12-Mar-18,https://www.sec.gov/Archives/edgar/data/746838/000074683818000009/a2017uis10-k.htm
UNISYS CORP,746838,746838,10-K,4-Mar-19,https://www.sec.gov/Archives/edgar/data/746838/000074683819000051/a2018uis10-k.htm
TEXTRON INC,217346,217346,10-K,14-Mar-01,https://www.sec.gov/Archives/edgar/data/217346/000095013501000833/b38194txe10-k.txt
TEXTRON INC,217346,217346,10-K,27-Feb-03,https://www.sec.gov/Archives/edgar/data/217346/000095013503001463/b45662tie10vk.txt
TEXTRON INC,217346,217346,10-K,27-Feb-04,https://www.sec.gov/Archives/edgar/data/217346/000095013504000995/b49049tie10vk.htm
TEXTRON INC,217346,217346,10-K,24-Feb-05,https://www.sec.gov/Archives/edgar/data/217346/000110465905008155/a05-3904_110k.htm
TEXTRON INC,217346,217346,10-K,24-Feb-06,https://www.sec.gov/Archives/edgar/data/217346/000110465906011793/a06-1864_110k.htm
TEXTRON INC,217346,217346,10-K,21-Feb-07,https://www.sec.gov/Archives/edgar/data/217346/000110465907012740/a07-4686_110k.htm
TEXTRON INC,217346,217346,10-K,20-Feb-08,https://www.sec.gov/Archives/edgar/data/217346/000110465908011718/a08-2392_110k.htm
TEXTRON INC,217346,217346,10-K,26-Feb-09,https://www.sec.gov/Archives/edgar/data/217346/000095013509001252/b74351tie10vk.htm
TEXTRON INC,217346,217346,10-K,25-Feb-10,https://www.sec.gov/Archives/edgar/data/217346/000095012310016801/b77277e10vk.htm
TEXTRON INC,217346,217346,10-K,1-Mar-11,https://www.sec.gov/Archives/edgar/data/217346/000095012311020392/b83538e10vk.htm
TEXTRON INC,217346,217346,10-K,23-Feb-12,https://www.sec.gov/Archives/edgar/data/217346/000119312512074981/d276253d10k.htm
TEXTRON INC,217346,217346,10-K,15-Feb-13,https://www.sec.gov/Archives/edgar/data/217346/000110465913011048/a12-30151_410k.htm
TEXTRON INC,217346,217346,10-K,14-Feb-14,https://www.sec.gov/Archives/edgar/data/217346/000110465914009908/a13-26941_110k.htm
TEXTRON INC,217346,217346,10-K,25-Feb-15,https://www.sec.gov/Archives/edgar/data/217346/000110465915013784/a14-26298_110k.htm
TEXTRON INC,217346,217346,10-K,24-Feb-16,https://www.sec.gov/Archives/edgar/data/217346/000110465916099562/a15-23451_110k.htm
TEXTRON INC,217346,217346,10-K,22-Feb-17,https://www.sec.gov/Archives/edgar/data/217346/000110465917010809/a17-1034_110k.htm
TEXTRON INC,217346,217346,10-K,15-Feb-18,https://www.sec.gov/Archives/edgar/data/217346/000110465918009905/a18-1018_110k.htm
TEXTRON INC,217346,217346,10-K,14-Feb-19,https://www.sec.gov/Archives/edgar/data/217346/000110465919008151/a19-30052_110k.htm
TRW AUTOMOTIVE HOLDINGS CORP,1267097,1267097,10-K,29-Mar-04,https://www.sec.gov/Archives/edgar/data/1267097/000095012404001299/k82609e10vk.htm
TRW AUTOMOTIVE HOLDINGS CORP,1267097,1267097,10-K,23-Feb-05,https://www.sec.gov/Archives/edgar/data/1267097/000095012405001007/k92209e10vk.htm
TRW AUTOMOTIVE HOLDINGS CORP,1267097,1267097,10-K,23-Feb-06,https://www.sec.gov/Archives/edgar/data/1267097/000095012406000814/k02389e10vk.htm
TRW AUTOMOTIVE HOLDINGS CORP,1267097,1267097,10-K,23-Feb-07,https://www.sec.gov/Archives/edgar/data/1267097/000095012407001031/k12376e10vk.htm
TRW AUTOMOTIVE HOLDINGS CORP,1267097,1267097,10-K,21-Feb-08,https://www.sec.gov/Archives/edgar/data/1267097/000095012408000748/k23680e10vk.htm
TRW AUTOMOTIVE HOLDINGS CORP,1267097,1267097,10-K,20-Feb-09,https://www.sec.gov/Archives/edgar/data/1267097/000095015209001630/k47419e10vk.htm
TRW AUTOMOTIVE HOLDINGS CORP,1267097,1267097,10-K,25-Feb-10,https://www.sec.gov/Archives/edgar/data/1267097/000095012310017077/k48874e10vk.htm
TRW AUTOMOTIVE HOLDINGS CORP,1267097,1267097,10-K,17-Feb-11,https://www.sec.gov/Archives/edgar/data/1267097/000095012311015181/k50052e10vk.htm
TRW AUTOMOTIVE HOLDINGS CORP,1267097,1267097,10-K,16-Feb-12,https://www.sec.gov/Archives/edgar/data/1267097/000119312512065375/d266970d10k.htm
TRW AUTOMOTIVE HOLDINGS CORP,1267097,1267097,10-K,15-Feb-13,https://www.sec.gov/Archives/edgar/data/1267097/000104746913001166/a2212575z10-k.htm
TRW AUTOMOTIVE HOLDINGS CORP,1267097,1267097,10-K,14-Feb-14,https://www.sec.gov/Archives/edgar/data/1267097/000104746914000925/a2218183z10-k.htm
TRW AUTOMOTIVE HOLDINGS CORP,1267097,1267097,10-K,13-Feb-15,https://www.sec.gov/Archives/edgar/data/1267097/000104746915000812/a2222951z10-k.htm
ABBOTT LABORATORIES,1800,1800,10-K,15-Feb-01,https://www.sec.gov/Archives/edgar/data/1800/000091205701006039/a2035109z10-k.htm
ABBOTT LABORATORIES,1800,1800,10-K,19-Feb-03,https://www.sec.gov/Archives/edgar/data/1800/000104746903006107/a2102588z10-k.htm
ABBOTT LABORATORIES,1800,1800,10-K,25-Feb-04,https://www.sec.gov/Archives/edgar/data/1800/000104746904005498/a2127912z10-k.htm
ABBOTT LABORATORIES,1800,1800,10-K,2-Mar-05,https://www.sec.gov/Archives/edgar/data/1800/000104746905005185/a2149332z10-k.htm
ABBOTT LABORATORIES,1800,1800,10-K,22-Feb-06,https://www.sec.gov/Archives/edgar/data/1800/000104746906002258/a2167223z10-k.htm
ABBOTT LABORATORIES,1800,1800,10-K,23-Feb-07,https://www.sec.gov/Archives/edgar/data/1800/000110465907013496/a07-1583_110k.htm
ABBOTT LABORATORIES,1800,1800,10-K,19-Feb-08,https://www.sec.gov/Archives/edgar/data/1800/000104746908001480/a2182445z10-k.htm
ABBOTT LABORATORIES,1800,1800,10-K,20-Feb-09,https://www.sec.gov/Archives/edgar/data/1800/000104746909001642/a2188623z10-k.htm
ABBOTT LABORATORIES,1800,1800,10-K,19-Feb-10,https://www.sec.gov/Archives/edgar/data/1800/000104746910001018/a2196380z10-k.htm
ABBOTT LABORATORIES,1800,1800,10-K,18-Feb-11,https://www.sec.gov/Archives/edgar/data/1800/000104746911001056/a2201962z10-k.htm
ABBOTT LABORATORIES,1800,1800,10-K,21-Feb-12,https://www.sec.gov/Archives/edgar/data/1800/000104746912001216/a2207147z10-k.htm
ABBOTT LABORATORIES,1800,1800,10-K,15-Feb-13,https://www.sec.gov/Archives/edgar/data/1800/000104746913001180/a2212523z10-k.htm
ABBOTT LABORATORIES,1800,1800,10-K,21-Feb-14,https://www.sec.gov/Archives/edgar/data/1800/000104746914001176/a2218043z10-k.htm
ABBOTT LABORATORIES,1800,1800,10-K,27-Feb-15,https://www.sec.gov/Archives/edgar/data/1800/000104746915001377/a2222655z10-k.htm
ABBOTT LABORATORIES,1800,1800,10-K,19-Feb-16,https://www.sec.gov/Archives/edgar/data/1800/000104746916010246/a2227279z10-k.htm
ABBOTT LABORATORIES,1800,1800,10-K,17-Feb-17,https://www.sec.gov/Archives/edgar/data/1800/000104746917000744/a2230875z10-k.htm
ABBOTT LABORATORIES,1800,1800,10-K,16-Feb-18,https://www.sec.gov/Archives/edgar/data/1800/000104746918000856/a2234264z10-k.htm
ABBOTT LABORATORIES,1800,1800,10-K,22-Feb-19,https://www.sec.gov/Archives/edgar/data/1800/000104746919000624/a2237733z10-k.htm
AMERICAN HOME PRODUCTS CORP,5187,5187,10-K,29-Mar-00,https://www.sec.gov/index.htm
WYETH,5187,5187,10-K,31-Mar-03,https://www.sec.gov/Archives/edgar/data/5187/000000518703000006/ann10k2.txt
WYETH,5187,5187,10-K,12-Mar-04,https://www.sec.gov/Archives/edgar/data/5187/000000518704000048/ann10k03.txt
WYETH,5187,5187,10-K,14-Mar-05,https://www.sec.gov/Archives/edgar/data/5187/000000518705000033/form10-k.txt
WYETH,5187,5187,10-K,27-Feb-06,https://www.sec.gov/Archives/edgar/data/5187/000119312506040159/d10k.htm
WYETH,5187,5187,10-K,26-Feb-07,https://www.sec.gov/Archives/edgar/data/5187/000119312507039359/d10k.htm
WYETH,5187,5187,10-K,29-Feb-08,https://www.sec.gov/Archives/edgar/data/5187/000119312508042780/d10k.htm
WYETH,5187,5187,10-K,27-Feb-09,https://www.sec.gov/Archives/edgar/data/5187/000119312509039448/d10k.htm
GENERAL MILLS INC,40704,40704,10-K,18-Aug-00,https://www.sec.gov/Archives/edgar/data/40704/000089710100000853/0000897101-00-000853-0001.txt
GENERAL MILLS INC,40704,40704,10-K,14-Aug-02,https://www.sec.gov/Archives/edgar/data/40704/000089710102000567/genmills023880_10k.txt
GENERAL MILLS INC,40704,40704,10-K,5-Aug-03,https://www.sec.gov/Archives/edgar/data/40704/000089710103000909/genmills033128_10-k.htm
GENERAL MILLS INC,40704,40704,10-K,29-Jul-04,https://www.sec.gov/Archives/edgar/data/40704/000089710104001455/gm041570s1_10k.htm
GENERAL MILLS INC,40704,40704,10-K,28-Jul-05,https://www.sec.gov/Archives/edgar/data/40704/000089710105001694/gis052984s2_10k.htm
GENERAL MILLS INC,40704,40704,10-K,27-Jul-06,https://www.sec.gov/Archives/edgar/data/40704/000089710106001513/gis062418s1_10k.htm
GENERAL MILLS INC,40704,40704,10-K,26-Jul-07,https://www.sec.gov/Archives/edgar/data/40704/000089710107001522/gis072744s1_10k.htm
GENERAL MILLS INC,40704,40704,10-K,11-Jul-08,https://www.sec.gov/Archives/edgar/data/40704/000095013708009268/c27353e10vk.htm
GENERAL MILLS INC,40704,40704,10-K,13-Jul-09,https://www.sec.gov/Archives/edgar/data/40704/000095012309021887/c50391e10vk.htm
GENERAL MILLS INC,40704,40704,10-K,9-Jul-10,https://www.sec.gov/Archives/edgar/data/40704/000095012310064517/c58945e10vk.htm
GENERAL MILLS INC,40704,40704,10-K,8-Jul-11,https://www.sec.gov/Archives/edgar/data/40704/000095012311064606/c65397e10vk.htm
GENERAL MILLS INC,40704,40704,10-K,3-Jul-12,https://www.sec.gov/Archives/edgar/data/40704/000119312512293636/d356836d10k.htm
GENERAL MILLS INC,40704,40704,10-K,3-Jul-13,https://www.sec.gov/Archives/edgar/data/40704/000119312513282371/d562041d10k.htm
GENERAL MILLS INC,40704,40704,10-K,3-Jul-14,https://www.sec.gov/Archives/edgar/data/40704/000119312514260716/d749341d10k.htm
GENERAL MILLS INC,40704,40704,10-K,6-Jul-15,https://www.sec.gov/Archives/edgar/data/40704/000119312515245476/d947722d10k.htm
GENERAL MILLS INC,40704,40704,10-K,30-Jun-16,https://www.sec.gov/Archives/edgar/data/40704/000119312516638404/d221637d10k.htm
GENERAL MILLS INC,40704,40704,10-K,29-Jun-17,https://www.sec.gov/Archives/edgar/data/40704/000119312517217396/d363051d10k.htm
GENERAL MILLS INC,40704,40704,10-K,29-Jun-18,https://www.sec.gov/Archives/edgar/data/40704/000119312518209377/d564680d10k.htm
GENERAL MILLS INC,40704,40704,10-K,28-Jun-19,https://www.sec.gov/Archives/edgar/data/40704/000119312519184675/d725716d10k.htm
EMERSON ELECTRIC CO,32604,32604,10-K,22-Dec-00,https://www.sec.gov/Archives/edgar/data/32604/000003260400000030/0000032604-00-000030-0001.txt
EMERSON ELECTRIC CO,32604,32604,10-K,21-Dec-01,https://www.sec.gov/Archives/edgar/data/32604/000003260401500032/ye0110k.htm
EMERSON ELECTRIC CO,32604,32604,10-K,23-Dec-02,https://www.sec.gov/Archives/edgar/data/32604/000003260402000022/ye02-10k.htm
EMERSON ELECTRIC CO,32604,32604,10-K,14-Nov-03,https://www.sec.gov/Archives/edgar/data/32604/000003260403000015/ye03-10k.htm
EMERSON ELECTRIC CO,32604,32604,10-K,18-Nov-04,https://www.sec.gov/Archives/edgar/data/32604/000003260404000033/form10kemerson2004.htm
EMERSON ELECTRIC CO,32604,32604,10-K,22-Nov-05,https://www.sec.gov/Archives/edgar/data/32604/000119312505230745/d10k.htm
EMERSON ELECTRIC CO,32604,32604,10-K,21-Nov-06,https://www.sec.gov/Archives/edgar/data/32604/000119312506239412/d10k.htm
EMERSON ELECTRIC CO,32604,32604,10-K,19-Nov-07,https://www.sec.gov/Archives/edgar/data/32604/000114420407063041/v094142_10k.htm
EMERSON ELECTRIC CO,32604,32604,10-K,25-Nov-08,https://www.sec.gov/Archives/edgar/data/32604/000114420408066523/v132847_10k.htm
EMERSON ELECTRIC CO,32604,32604,10-K,23-Nov-09,https://www.sec.gov/Archives/edgar/data/32604/000114420409061535/v166921_10k.htm
EMERSON ELECTRIC CO,32604,32604,10-K,23-Nov-10,https://www.sec.gov/Archives/edgar/data/32604/000114420410063258/v203504_10k.htm
EMERSON ELECTRIC CO,32604,32604,10-K,22-Nov-11,https://www.sec.gov/Archives/edgar/data/32604/000114420411066373/v236587_10k.htm
EMERSON ELECTRIC CO,32604,32604,10-K,20-Nov-12,https://www.sec.gov/Archives/edgar/data/32604/000003260412000012/emr930201210-k.htm
EMERSON ELECTRIC CO,32604,32604,10-K,19-Nov-13,https://www.sec.gov/Archives/edgar/data/32604/000003260413000044/emr930201310-k.htm
EMERSON ELECTRIC CO,32604,32604,10-K,19-Nov-14,https://www.sec.gov/Archives/edgar/data/32604/000003260414000048/emr930201410-k.htm
EMERSON ELECTRIC CO,32604,32604,10-K,18-Nov-15,https://www.sec.gov/Archives/edgar/data/32604/000003260415000051/emr930201510-k.htm
EMERSON ELECTRIC CO,32604,32604,10-K,16-Nov-16,https://www.sec.gov/Archives/edgar/data/32604/000003260416000105/emr930201610-k.htm
EMERSON ELECTRIC CO,32604,32604,10-K,20-Nov-17,https://www.sec.gov/Archives/edgar/data/32604/000003260417000046/emr-09302017x10xk.htm
EMERSON ELECTRIC CO,32604,32604,10-K,19-Nov-18,https://www.sec.gov/Archives/edgar/data/32604/000003260418000044/emr-09302018x10xk.htm
TEXAS INSTRUMENTS INC,97476,97476,10-K,3-Mar-03,https://www.sec.gov/Archives/edgar/data/97476/000093066103000885/d10k.htm
TEXAS INSTRUMENTS INC,97476,97476,10-K,27-Feb-04,https://www.sec.gov/Archives/edgar/data/97476/000119312504031317/d10k.htm
TEXAS INSTRUMENTS INC,97476,97476,10-K,28-Feb-05,https://www.sec.gov/Archives/edgar/data/97476/000119312505038623/d10k.htm
TEXAS INSTRUMENTS INC,97476,97476,10-K,28-Feb-06,https://www.sec.gov/Archives/edgar/data/97476/000119312506041333/d10k.htm
TEXAS INSTRUMENTS INC,97476,97476,10-K,28-Feb-07,https://www.sec.gov/Archives/edgar/data/97476/000119312507042451/d10k.htm
TEXAS INSTRUMENTS INC,97476,97476,10-K,26-Feb-08,https://www.sec.gov/Archives/edgar/data/97476/000119312508038572/d10k.htm
TEXAS INSTRUMENTS INC,97476,97476,10-K,24-Feb-09,https://www.sec.gov/Archives/edgar/data/97476/000120677409000314/texas_10k.htm
TEXAS INSTRUMENTS INC,97476,97476,10-K,23-Feb-10,https://www.sec.gov/Archives/edgar/data/97476/000114036110007923/form10k.htm
TEXAS INSTRUMENTS INC,97476,97476,10-K,25-Feb-11,https://www.sec.gov/Archives/edgar/data/97476/000114036111012312/form10-k.htm
TEXAS INSTRUMENTS INC,97476,97476,10-K,24-Feb-12,https://www.sec.gov/Archives/edgar/data/97476/000009747612000010/txn-12312011x10xk.htm
TEXAS INSTRUMENTS INC,97476,97476,10-K,22-Feb-13,https://www.sec.gov/Archives/edgar/data/97476/000009747613000009/txn-12312012x10xk.htm
TEXAS INSTRUMENTS INC,97476,97476,10-K,24-Feb-14,https://www.sec.gov/Archives/edgar/data/97476/000009747614000007/txn-12312013x10xk.htm
TEXAS INSTRUMENTS INC,97476,97476,10-K,24-Feb-15,https://www.sec.gov/Archives/edgar/data/97476/000009747615000003/txn-12312014x10xk.htm
TEXAS INSTRUMENTS INC,97476,97476,10-K,24-Feb-16,https://www.sec.gov/Archives/edgar/data/97476/000156459016013126/txn-10k_20151231.htm
TEXAS INSTRUMENTS INC,97476,97476,10-K,23-Feb-17,https://www.sec.gov/Archives/edgar/data/97476/000156459017002142/txn-10k_20161231.htm
TEXAS INSTRUMENTS INC,97476,97476,10-K,22-Feb-18,https://www.sec.gov/Archives/edgar/data/97476/000156459018002832/txn-10k_20171231.htm
TEXAS INSTRUMENTS INC,97476,97476,10-K,22-Feb-19,https://www.sec.gov/Archives/edgar/data/97476/000156459019003839/txn-10k_20181231.htm
PFIZER INC,78003,78003,10-K,27-Mar-00,https://www.sec.gov/index.htm
PFIZER INC,78003,78003,10-K,28-Mar-02,https://www.sec.gov/Archives/edgar/data/78003/000095012302003116/y58494e10-k.htm
PFIZER INC,78003,78003,10-K,27-Mar-03,https://www.sec.gov/Archives/edgar/data/78003/000095012303003360/y83976e10vk.htm
PFIZER INC,78003,78003,10-K,10-Mar-04,https://www.sec.gov/Archives/edgar/data/78003/000095012304003064/y94722e10vk.htm
PFIZER INC,78003,78003,10-K,28-Feb-05,https://www.sec.gov/Archives/edgar/data/78003/000095012305002379/y06124e10vk.htm
PFIZER INC,78003,78003,10-K,1-Mar-06,https://www.sec.gov/Archives/edgar/data/78003/000093041306001567/c40966_10k.htm
PFIZER INC,78003,78003,10-K,1-Mar-07,https://www.sec.gov/Archives/edgar/data/78003/000093041307001807/c46660_10k.htm
PFIZER INC,78003,78003,10-K,29-Feb-08,https://www.sec.gov/Archives/edgar/data/78003/000093041308001360/c52104_10-k.htm
PFIZER INC,78003,78003,10-K,27-Feb-09,https://www.sec.gov/Archives/edgar/data/78003/000119312509040568/d10k.htm
PFIZER INC,78003,78003,10-K,26-Feb-10,https://www.sec.gov/Archives/edgar/data/78003/000119312510042425/d10k.htm
PFIZER INC,78003,78003,10-K,28-Feb-11,https://www.sec.gov/Archives/edgar/data/78003/000119312511048877/d10k.htm
PFIZER INC,78003,78003,10-K,28-Feb-12,https://www.sec.gov/Archives/edgar/data/78003/000119312512085703/d278590d10k.htm
PFIZER INC,78003,78003,10-K,28-Feb-13,https://www.sec.gov/Archives/edgar/data/78003/000007800313000006/pfe-12312012x10k.htm
PFIZER INC,78003,78003,10-K,28-Feb-14,https://www.sec.gov/Archives/edgar/data/78003/000007800314000018/pfe-12312013x10k.htm
PFIZER INC,78003,78003,10-K,27-Feb-15,https://www.sec.gov/Archives/edgar/data/78003/000007800315000014/pfe-12312014x10kshell.htm
PFIZER INC,78003,78003,10-K,29-Feb-16,https://www.sec.gov/Archives/edgar/data/78003/000007800316000077/pfe-12312015x10kshell.htm
PFIZER INC,78003,78003,10-K,23-Feb-17,https://www.sec.gov/Archives/edgar/data/78003/000007800317000014/pfe-12312016x10kshell.htm
PFIZER INC,78003,78003,10-K,22-Feb-18,https://www.sec.gov/Archives/edgar/data/78003/000007800318000027/pfe-12312017x10kshell.htm
PFIZER INC,78003,78003,10-K,28-Feb-19,https://www.sec.gov/Archives/edgar/data/78003/000007800319000015/pfe-12312018x10kshell.htm
WHIRLPOOL CORP /DE/,106640,106640,10-K,14-Mar-03,https://www.sec.gov/Archives/edgar/data/106640/000095013103001354/d10k.htm
WHIRLPOOL CORP /DE/,106640,106640,10-K,12-Mar-04,https://www.sec.gov/Archives/edgar/data/106640/000119312504040222/d10k.htm
WHIRLPOOL CORP /DE/,106640,106640,10-K,4-Mar-05,https://www.sec.gov/Archives/edgar/data/106640/000119312505042422/d10k.htm
WHIRLPOOL CORP /DE/,106640,106640,10-K,1-Mar-06,https://www.sec.gov/Archives/edgar/data/106640/000104746906002674/a2167791z10-k.htm
WHIRLPOOL CORP /DE/,106640,106640,10-K,28-Feb-07,https://www.sec.gov/Archives/edgar/data/106640/000119312507042772/d10k.htm
WHIRLPOOL CORP /DE/,106640,106640,10-K,22-Feb-08,https://www.sec.gov/Archives/edgar/data/106640/000119312508036294/d10k.htm
WHIRLPOOL CORP /DE/,106640,106640,10-K,19-Feb-09,https://www.sec.gov/Archives/edgar/data/106640/000119312509032852/d10k.htm
WHIRLPOOL CORP /DE/,106640,106640,10-K,17-Feb-10,https://www.sec.gov/Archives/edgar/data/106640/000119312510033211/d10k.htm
WHIRLPOOL CORP /DE/,106640,106640,10-K,14-Feb-11,https://www.sec.gov/Archives/edgar/data/106640/000119312511035529/d10k.htm
WHIRLPOOL CORP /DE/,106640,106640,10-K,22-Feb-12,https://www.sec.gov/Archives/edgar/data/106640/000010664012000006/whr12312011-10xk.htm
WHIRLPOOL CORP /DE/,106640,106640,10-K,19-Feb-13,https://www.sec.gov/Archives/edgar/data/106640/000010664013000009/whr12312012-10xk.htm
WHIRLPOOL CORP /DE/,106640,106640,10-K,18-Feb-14,https://www.sec.gov/Archives/edgar/data/106640/000010664014000008/whr12312013-10xk.htm
WHIRLPOOL CORP /DE/,106640,106640,10-K,26-Feb-15,https://www.sec.gov/Archives/edgar/data/106640/000010664015000014/whr-1231201410xk.htm
WHIRLPOOL CORP /DE/,106640,106640,10-K,16-Feb-16,https://www.sec.gov/Archives/edgar/data/106640/000010664016000068/whr-1231201510xk.htm
WHIRLPOOL CORP /DE/,106640,106640,10-K,13-Feb-17,https://www.sec.gov/Archives/edgar/data/106640/000010664017000013/whr-1231201610xk.htm
WHIRLPOOL CORP /DE/,106640,106640,10-K,13-Feb-18,https://www.sec.gov/Archives/edgar/data/106640/000010664018000019/whr-1231201710xk.htm
WHIRLPOOL CORP /DE/,106640,106640,10-K,12-Feb-19,https://www.sec.gov/Archives/edgar/data/106640/000010664019000016/whr-1231201810xk.htm
BORDEN INC,13239,13239,10-K,17-Mar-00,https://www.sec.gov/index.htm
BORDEN INC,13239,13239,10-K,2-Apr-01,https://www.sec.gov/Archives/edgar/data/13239/000001323901000011/0000013239-01-000011-0001.txt
BORDEN CHEMICAL  INC,13239,13239,10-K,29-Mar-02,https://www.sec.gov/Archives/edgar/data/13239/000001323902000009/doc1.txt
BORDEN CHEMICAL  INC,13239,13239,10-K,28-Mar-03,https://www.sec.gov/Archives/edgar/data/13239/000001323903000006/doc1.txt
BORDEN CHEMICAL  INC,13239,13239,10-K,29-Mar-04,https://www.sec.gov/Archives/edgar/data/13239/000001323904000007/mainbody.htm
BORDEN CHEMICAL INC,13239,13239,10-K,28-Mar-05,https://www.sec.gov/Archives/edgar/data/13239/000119312505061931/d10k.htm
"HEXION SPECIALTY CHEMICALS, INC.",13239,13239,10-K,17-Mar-06,https://www.sec.gov/Archives/edgar/data/13239/000119312506057009/d10k.htm
"HEXION SPECIALTY CHEMICALS, INC.",13239,13239,10-K,22-Mar-07,https://www.sec.gov/Archives/edgar/data/13239/000119312507061811/d10k.htm
"HEXION SPECIALTY CHEMICALS, INC.",13239,13239,10-K,13-Mar-08,https://www.sec.gov/Archives/edgar/data/13239/000119312508054344/d10k.htm
"HEXION SPECIALTY CHEMICALS, INC.",13239,13239,10-K,11-Mar-09,https://www.sec.gov/Archives/edgar/data/13239/000119312509050909/d10k.htm
"HEXION SPECIALTY CHEMICALS, INC.",13239,13239,10-K,9-Mar-10,https://www.sec.gov/Archives/edgar/data/13239/000119312510051410/d10k.htm
MOMENTIVE SPECIALTY CHEMICALS INC.,13239,13239,10-K,28-Feb-11,https://www.sec.gov/Archives/edgar/data/13239/000001323911000007/momentive1231201010k.htm
MOMENTIVE SPECIALTY CHEMICALS INC.,13239,13239,10-K,2-Mar-12,https://www.sec.gov/Archives/edgar/data/13239/000001323912000016/momentivespecialtychemical.htm
MOMENTIVE SPECIALTY CHEMICALS INC.,13239,13239,10-K,1-Apr-13,https://www.sec.gov/Archives/edgar/data/13239/000001323913000012/msc201210k.htm
MOMENTIVE SPECIALTY CHEMICALS INC.,13239,13239,10-K,31-Mar-14,https://www.sec.gov/Archives/edgar/data/13239/000001323914000010/msc201310k.htm
HEXION INC.,13239,13239,10-K,10-Mar-15,https://www.sec.gov/Archives/edgar/data/13239/000001323915000015/hexion201410k.htm
HEXION INC.,13239,13239,10-K,14-Mar-16,https://www.sec.gov/Archives/edgar/data/13239/000001323916000082/hexion201510k.htm
HEXION INC.,13239,13239,10-K,8-Mar-17,https://www.sec.gov/Archives/edgar/data/13239/000001323917000009/hexion201610k.htm
HEXION INC.,13239,13239,10-K,2-Mar-18,https://www.sec.gov/Archives/edgar/data/13239/000001323918000007/hexion201710k.htm
HEXION INC.,13239,13239,10-K,11-Apr-19,https://www.sec.gov/Archives/edgar/data/13239/000001323919000016/hexion201810k.htm
KIMBERLY CLARK CORP,55785,55785,10-K,24-Mar-00,https://www.sec.gov/index.htm
KIMBERLY CLARK CORP,55785,55785,10-K,23-Mar-01,https://www.sec.gov/Archives/edgar/data/55785/000005578501000003/0000055785-01-000003-0001.txt
KIMBERLY CLARK CORP,55785,55785,10-K,18-Mar-02,https://www.sec.gov/Archives/edgar/data/55785/000005578502000017/k10k2001.txt
KIMBERLY CLARK CORP,55785,55785,10-K,14-Mar-03,https://www.sec.gov/Archives/edgar/data/55785/000005578503000001/form10k.txt
KIMBERLY CLARK CORP,55785,55785,10-K,26-Feb-04,https://www.sec.gov/Archives/edgar/data/55785/000119312504029924/d10k.htm
KIMBERLY CLARK CORP,55785,55785,10-K,24-Feb-05,https://www.sec.gov/Archives/edgar/data/55785/000119312505036237/d10k.htm
KIMBERLY CLARK CORP,55785,55785,10-K,23-Feb-06,https://www.sec.gov/Archives/edgar/data/55785/000119312506037643/d10k.htm
KIMBERLY CLARK CORP,55785,55785,10-K,22-Feb-07,https://www.sec.gov/Archives/edgar/data/55785/000119312507037015/d10k.htm
KIMBERLY CLARK CORP,55785,55785,10-K,22-Feb-08,https://www.sec.gov/Archives/edgar/data/55785/000119312508036335/d10k.htm
KIMBERLY CLARK CORP,55785,55785,10-K,27-Feb-09,https://www.sec.gov/Archives/edgar/data/55785/000119312509040737/d10k.htm
KIMBERLY CLARK CORP,55785,55785,10-K,24-Feb-10,https://www.sec.gov/Archives/edgar/data/55785/000119312510038621/d10k.htm
KIMBERLY CLARK CORP,55785,55785,10-K,23-Feb-11,https://www.sec.gov/Archives/edgar/data/55785/000119312511043300/d10k.htm
KIMBERLY CLARK CORP,55785,55785,10-K,29-Feb-12,https://www.sec.gov/Archives/edgar/data/55785/000005578512000021/kmb_2011x10k.htm
KIMBERLY CLARK CORP,55785,55785,10-K,22-Feb-13,https://www.sec.gov/Archives/edgar/data/55785/000005578513000011/kmb_2012x10k.htm
KIMBERLY CLARK CORP,55785,55785,10-K,14-Feb-14,https://www.sec.gov/Archives/edgar/data/55785/000005578514000015/kmb_10k2013.htm
KIMBERLY CLARK CORP,55785,55785,10-K,18-Feb-15,https://www.sec.gov/Archives/edgar/data/55785/000005578515000014/kmb_201410k.htm
KIMBERLY CLARK CORP,55785,55785,10-K,11-Feb-16,https://www.sec.gov/Archives/edgar/data/55785/000005578516000138/kmb_2015x10k.htm
KIMBERLY CLARK CORP,55785,55785,10-K,8-Feb-17,https://www.sec.gov/Archives/edgar/data/55785/000005578517000017/kmb_2016xformx10k.htm
KIMBERLY CLARK CORP,55785,55785,10-K,8-Feb-18,https://www.sec.gov/Archives/edgar/data/55785/000005578518000014/kmb_2017xformx10k.htm
KIMBERLY CLARK CORP,55785,55785,10-K,7-Feb-19,https://www.sec.gov/Archives/edgar/data/55785/000005578519000013/kmb_2018xformx10k.htm
APPLE COMPUTER INC,320193,320193,10-K,14-Dec-00,https://www.sec.gov/Archives/edgar/data/320193/000091205700053623/a2032880z10-k.txt
APPLE COMPUTER INC,320193,320193,10-K,19-Dec-02,https://www.sec.gov/Archives/edgar/data/320193/000104746902007674/a2096490z10-k.htm
APPLE COMPUTER INC,320193,320193,10-K,19-Dec-03,https://www.sec.gov/Archives/edgar/data/320193/000104746903041604/a2124888z10-k.htm
APPLE COMPUTER INC,320193,320193,10-K,3-Dec-04,https://www.sec.gov/Archives/edgar/data/320193/000104746904035975/a2147337z10-k.htm
APPLE COMPUTER INC,320193,320193,10-K,1-Dec-05,https://www.sec.gov/Archives/edgar/data/320193/000110465905058421/a05-20674_110k.htm
APPLE COMPUTER INC,320193,320193,10-K,29-Dec-06,https://www.sec.gov/Archives/edgar/data/320193/000110465906084288/a06-25759_210k.htm
APPLE INC,320193,320193,10-K,15-Nov-07,https://www.sec.gov/Archives/edgar/data/320193/000104746907009340/a2181030z10-k.htm
APPLE INC,320193,320193,10-K,5-Nov-08,https://www.sec.gov/Archives/edgar/data/320193/000119312508224958/d10k.htm
APPLE INC,320193,320193,10-K,27-Oct-09,https://www.sec.gov/Archives/edgar/data/320193/000119312509214859/d10k.htm
APPLE INC,320193,320193,10-K,27-Oct-10,https://www.sec.gov/Archives/edgar/data/320193/000119312510238044/d10k.htm
APPLE INC,320193,320193,10-K,26-Oct-11,https://www.sec.gov/Archives/edgar/data/320193/000119312511282113/d220209d10k.htm
APPLE INC,320193,320193,10-K,31-Oct-12,https://www.sec.gov/Archives/edgar/data/320193/000119312512444068/d411355d10k.htm
APPLE INC,320193,320193,10-K,30-Oct-13,https://www.sec.gov/Archives/edgar/data/320193/000119312513416534/d590790d10k.htm
APPLE INC,320193,320193,10-K,27-Oct-14,https://www.sec.gov/Archives/edgar/data/320193/000119312514383437/d783162d10k.htm
APPLE INC,320193,320193,10-K,28-Oct-15,https://www.sec.gov/Archives/edgar/data/320193/000119312515356351/d17062d10k.htm
APPLE INC,320193,320193,10-K,26-Oct-16,https://www.sec.gov/Archives/edgar/data/320193/000162828016020309/a201610-k9242016.htm
APPLE INC,320193,320193,10-K,3-Nov-17,https://www.sec.gov/Archives/edgar/data/320193/000032019317000070/a10-k20179302017.htm
APPLE INC,320193,320193,10-K,5-Nov-18,https://www.sec.gov/Archives/edgar/data/320193/000032019318000145/a10-k20189292018.htm
Celanese CORP,1306830,1306830,10-K,31-Mar-05,https://www.sec.gov/Archives/edgar/data/1306830/000095013605001793/file001.htm
Celanese CORP,1306830,1306830,10-K,31-Mar-06,https://www.sec.gov/Archives/edgar/data/1306830/000095013606002553/file001.htm
Celanese CORP,1306830,1306830,10-K,21-Feb-07,https://www.sec.gov/Archives/edgar/data/1306830/000095012307002533/y29676e10vk.htm
Celanese CORP,1306830,1306830,10-K,29-Feb-08,https://www.sec.gov/Archives/edgar/data/1306830/000095012308002318/y48011e10vk.htm
Celanese CORP,1306830,1306830,10-K,13-Feb-09,https://www.sec.gov/Archives/edgar/data/1306830/000095013409002731/d66003e10vk.htm
Celanese CORP,1306830,1306830,10-K,12-Feb-10,https://www.sec.gov/Archives/edgar/data/1306830/000095012310012453/d70731e10vk.htm
Celanese CORP,1306830,1306830,10-K,11-Feb-11,https://www.sec.gov/Archives/edgar/data/1306830/000095012311012862/d77691e10vk.htm
Celanese CORP,1306830,1306830,10-K,10-Feb-12,https://www.sec.gov/Archives/edgar/data/1306830/000130683012000015/ce-20111231x10k.htm
Celanese Corp,1306830,1306830,10-K,8-Feb-13,https://www.sec.gov/Archives/edgar/data/1306830/000130683013000007/ce-20121231x10k.htm
Celanese Corp,1306830,1306830,10-K,7-Feb-14,https://www.sec.gov/Archives/edgar/data/1306830/000130683014000011/ce-20131231x10k.htm
Celanese Corp,1306830,1306830,10-K,6-Feb-15,https://www.sec.gov/Archives/edgar/data/1306830/000130683015000022/ce-20141231x10k.htm
Celanese Corp,1306830,1306830,10-K,5-Feb-16,https://www.sec.gov/Archives/edgar/data/1306830/000130683016000212/ce-20151231x10k.htm
Celanese Corp,1306830,1306830,10-K,10-Feb-17,https://www.sec.gov/Archives/edgar/data/1306830/000130683017000034/ce-20161231x10k.htm
Celanese Corp,1306830,1306830,10-K,9-Feb-18,https://www.sec.gov/Archives/edgar/data/1306830/000130683018000030/ce-20171231x10k.htm
Celanese Corp,1306830,1306830,10-K,7-Feb-19,https://www.sec.gov/Archives/edgar/data/1306830/000130683019000014/ce-20181231x10k.htm
COLGATE PALMOLIVE CO,21665,21665,10-K,20-Mar-02,https://www.sec.gov/Archives/edgar/data/21665/000095013002001698/d10k.txt
COLGATE PALMOLIVE CO,21665,21665,10-K,24-Mar-03,https://www.sec.gov/Archives/edgar/data/21665/000095013003002310/d10k.htm
COLGATE PALMOLIVE CO,21665,21665,10-K,12-Mar-04,https://www.sec.gov/Archives/edgar/data/21665/000119312504040431/d10k.htm
COLGATE PALMOLIVE CO,21665,21665,10-K,25-Feb-05,https://www.sec.gov/Archives/edgar/data/21665/000119312505037145/d10k.htm
COLGATE PALMOLIVE CO,21665,21665,10-K,24-Feb-06,https://www.sec.gov/Archives/edgar/data/21665/000119312506038891/d10k.htm
COLGATE PALMOLIVE CO,21665,21665,10-K,23-Feb-07,https://www.sec.gov/Archives/edgar/data/21665/000119312507038190/d10k.htm
COLGATE PALMOLIVE CO,21665,21665,10-K,28-Feb-08,https://www.sec.gov/Archives/edgar/data/21665/000119312508041526/d10k.htm
COLGATE PALMOLIVE CO,21665,21665,10-K,27-Feb-09,https://www.sec.gov/Archives/edgar/data/21665/000119312509041029/d10k.htm
COLGATE PALMOLIVE CO,21665,21665,10-K,25-Feb-10,https://www.sec.gov/Archives/edgar/data/21665/000114036110008522/form10k.htm
COLGATE PALMOLIVE CO,21665,21665,10-K,24-Feb-11,https://www.sec.gov/Archives/edgar/data/21665/000114036111011883/form10k.htm
COLGATE PALMOLIVE CO,21665,21665,10-K,23-Feb-12,https://www.sec.gov/Archives/edgar/data/21665/000144530512000409/cl-12312011x10k.htm
COLGATE PALMOLIVE CO,21665,21665,10-K,21-Feb-13,https://www.sec.gov/Archives/edgar/data/21665/000144530513000275/cl-12312012x10k.htm
COLGATE PALMOLIVE CO,21665,21665,10-K,20-Feb-14,https://www.sec.gov/Archives/edgar/data/21665/000154554714000003/cl-12312013x10k.htm
COLGATE PALMOLIVE CO,21665,21665,10-K,19-Feb-15,https://www.sec.gov/Archives/edgar/data/21665/000162828015000846/cl-12312014x10k.htm
COLGATE PALMOLIVE CO,21665,21665,10-K,18-Feb-16,https://www.sec.gov/Archives/edgar/data/21665/000162828016011343/cl-12312015x10k.htm
COLGATE PALMOLIVE CO,21665,21665,10-K,23-Feb-17,https://www.sec.gov/Archives/edgar/data/21665/000002166517000002/cl-12312016x10k.htm
COLGATE PALMOLIVE CO,21665,21665,10-K,15-Feb-18,https://www.sec.gov/Archives/edgar/data/21665/000002166518000003/cl-12312017x10k.htm
COLGATE PALMOLIVE CO,21665,21665,10-K,21-Feb-19,https://www.sec.gov/Archives/edgar/data/21665/000002166519000003/cl-12312018x10k.htm