315189,315189,DEERE & CO,10-K,2002/12/20,https://www.sec.gov/Archives/edgar/data/315189/0000940180-02-001741-index.htm,2019-08-09 23:18:03,2019-08-09 23:18:12,2002-12-20,2002-10-31,https://www.sec.gov/Archives/edgar/data/315189/000094018002001741/d10k.htm
315189,315189,DEERE & CO,10-K,2003/12/22,https://www.sec.gov/Archives/edgar/data/315189/0001193125-03-098064-index.htm,2019-08-09 23:18:12,2019-08-09 23:18:23,2003-12-22,2003-10-31,https://www.sec.gov/Archives/edgar/data/315189/000119312503098064/d10k.htm
315189,315189,DEERE & CO,10-K,2004/12/21,https://www.sec.gov/Archives/edgar/data/315189/0001104659-04-040625-index.htm,2019-08-09 23:18:23,2019-08-09 23:18:33,2004-12-21,2004-10-31,https://www.sec.gov/Archives/edgar/data/315189/000110465904040625/a04-14942_110k.htm
315189,315189,DEERE & CO,10-K,2005/12/20,https://www.sec.gov/Archives/edgar/data/315189/0001104659-05-061732-index.htm,2019-08-09 23:18:33,2019-08-09 23:18:46,2005-12-20,2005-10-31,https://www.sec.gov/Archives/edgar/data/315189/000110465905061732/a05-21685_110k.htm
315189,315189,DEERE & CO,10-K,2006/12/19,https://www.sec.gov/Archives/edgar/data/315189/0001104659-06-082456-index.htm,2019-08-09 23:18:46,2019-08-09 23:18:56,2006-12-19,2006-10-31,https://www.sec.gov/Archives/edgar/data/315189/000110465906082456/a06-25680_110k.htm
315189,315189,DEERE & CO,10-K,2007/12/20,https://www.sec.gov/Archives/edgar/data/315189/0001104659-07-090067-index.htm,2019-08-09 23:18:56,2019-08-09 23:19:08,2007-12-20,2007-10-31,https://www.sec.gov/Archives/edgar/data/315189/000110465907090067/a07-30888_110k.htm
315189,315189,DEERE & CO,10-K,2008/12/18,https://www.sec.gov/Archives/edgar/data/315189/0001104659-08-077324-index.htm,2019-08-09 23:19:08,2019-08-09 23:19:16,2008-12-18,2008-10-31,https://www.sec.gov/Archives/edgar/data/315189/000110465908077324/a08-29515_110k.htm
315189,315189,DEERE & CO,10-K,2009/12/17,https://www.sec.gov/Archives/edgar/data/315189/0001104659-09-070344-index.htm,2019-08-09 23:19:16,2019-08-09 23:19:28,2009-12-17,2009-10-31,https://www.sec.gov/Archives/edgar/data/315189/000110465909070344/a09-32005_110k.htm
315189,315189,DEERE & CO,10-K,2010/12/17,https://www.sec.gov/Archives/edgar/data/315189/0001104659-10-063219-index.htm,2019-08-09 23:19:28,2019-08-09 23:19:36,2010-12-17,2010-10-31,https://www.sec.gov/Archives/edgar/data/315189/000110465910063219/a10-17745_110k.htm
315189,315189,DEERE & CO,10-K,2011/12/19,https://www.sec.gov/Archives/edgar/data/315189/0001104659-11-070023-index.htm,2019-08-09 23:19:36,2019-08-09 23:19:43,2011-12-19,2011-10-31,https://www.sec.gov/Archives/edgar/data/315189/000110465911070023/a11-24734_110k.htm
315189,315189,DEERE & CO,10-K,2012/12/17,https://www.sec.gov/Archives/edgar/data/315189/0001104659-12-084558-index.htm,2019-08-09 23:19:43,2019-08-09 23:19:54,2012-12-17,2012-10-31,https://www.sec.gov/Archives/edgar/data/315189/000110465912084558/a12-16222_110k.htm
315189,315189,DEERE & CO,10-K,2013/12/16,https://www.sec.gov/Archives/edgar/data/315189/0001104659-13-090354-index.htm,2019-08-09 23:19:54,2019-08-09 23:20:03,2013-12-16,2013-10-31,https://www.sec.gov/Archives/edgar/data/315189/000110465913090354/a13-17985_110k.htm
315189,315189,DEERE & CO,10-K,2014/12/19,https://www.sec.gov/Archives/edgar/data/315189/0001104659-14-087794-index.htm,2019-08-09 23:20:03,2019-08-09 23:20:12,2014-12-19,2014-10-31,https://www.sec.gov/Archives/edgar/data/315189/000110465914087794/a14-20671_110k.htm
315189,315189,DEERE & CO,10-K,2015/12/18,https://www.sec.gov/Archives/edgar/data/315189/0001047469-15-009300-index.htm,2019-08-09 23:20:12,2019-08-09 23:20:20,2015-12-18,2015-10-31,https://www.sec.gov/Archives/edgar/data/315189/000104746915009300/a2226814z10-k.htm
315189,315189,DEERE & CO,10-K,2016/12/19,https://www.sec.gov/Archives/edgar/data/315189/0001047469-16-017244-index.htm,2019-08-09 23:20:20,2019-08-09 23:20:29,2016-12-19,2016-10-31,https://www.sec.gov/Archives/edgar/data/315189/000104746916017244/a2230400z10-k.htm
315189,315189,DEERE & CO,10-K,2017/12/18,https://www.sec.gov/Archives/edgar/data/315189/0001047469-17-007719-index.htm,2019-08-09 23:20:29,2019-08-09 23:20:38,2017-12-18,2017-10-29,https://www.sec.gov/Archives/edgar/data/315189/000104746917007719/a2233505z10-k.htm
315189,315189,DEERE & CO,10-K,2018/12/17,https://www.sec.gov/Archives/edgar/data/315189/0001047469-18-007694-index.htm,2019-08-09 23:20:38,2019-08-09 23:20:44,2018-12-17,2018-10-28,https://www.sec.gov/Archives/edgar/data/315189/000104746918007694/a2236950z10-k.htm
46640,46640,HEINZ H J CO,10-K,2002/7/30,https://www.sec.gov/Archives/edgar/data/46640/0000950152-02-005732-index.htm,2019-08-09 23:20:44,2019-08-09 23:21:01,2002-07-30,2002-05-01,https://www.sec.gov/Archives/edgar/data/46640/000095015202005732/j9491701e10vk.txt
46640,46640,HEINZ H J CO,10-K,2003/7/24,https://www.sec.gov/Archives/edgar/data/46640/0000950152-03-007052-index.htm,2019-08-09 23:21:01,2019-08-09 23:21:09,2003-07-24,2003-04-30,https://www.sec.gov/Archives/edgar/data/46640/000095015203007052/j0105101e10vk.txt
46640,46640,HEINZ H J CO,10-K,2004/6/17,https://www.sec.gov/Archives/edgar/data/46640/0000950152-04-004691-index.htm,2019-08-09 23:21:09,2019-08-09 23:21:19,2004-06-17,2004-04-28,https://www.sec.gov/Archives/edgar/data/46640/000095015204004691/j0696301e10vk.txt
46640,46640,HEINZ H J CO,10-K,2005/6/17,https://www.sec.gov/Archives/edgar/data/46640/0000950152-05-005232-index.htm,2019-08-09 23:21:19,2019-08-09 23:21:29,2005-06-17,2005-04-27,https://www.sec.gov/Archives/edgar/data/46640/000095015205005232/j1304601e10vk.txt
46640,46640,HEINZ H J CO,10-K,2006/6/20,https://www.sec.gov/Archives/edgar/data/46640/0000950152-06-005218-index.htm,2019-08-09 23:21:29,2019-08-09 23:21:39,2006-06-20,2006-05-03,https://www.sec.gov/Archives/edgar/data/46640/000095015206005218/j20264ae10vk.htm
46640,46640,HEINZ H J CO,10-K,2007/6/21,https://www.sec.gov/Archives/edgar/data/46640/0000950152-07-005237-index.htm,2019-08-09 23:21:40,2019-08-09 23:21:55,2007-06-21,2007-05-02,https://www.sec.gov/Archives/edgar/data/46640/000095015207005237/l25187ae10vk.htm
46640,46640,HEINZ H J CO,10-K,2008/6/19,https://www.sec.gov/Archives/edgar/data/46640/0000950152-08-004697-index.htm,2019-08-09 23:21:55,2019-08-09 23:22:05,2008-06-19,2008-04-30,https://www.sec.gov/Archives/edgar/data/46640/000095015208004697/l30739ae10vk.htm
46640,46640,HEINZ H J CO,10-K,2009/6/17,https://www.sec.gov/Archives/edgar/data/46640/0000950123-09-014732-index.htm,2019-08-09 23:22:05,2019-08-09 23:22:14,2009-06-17,2009-04-29,https://www.sec.gov/Archives/edgar/data/46640/000095012309014732/l35859ae10vk.htm
46640,46640,HEINZ H J CO,10-K,2010/6/17,https://www.sec.gov/Archives/edgar/data/46640/0000950123-10-058787-index.htm,2019-08-09 23:22:14,2019-08-09 23:22:24,2010-06-17,2010-04-28,https://www.sec.gov/Archives/edgar/data/46640/000095012310058787/l39903e10vk.htm
46640,46640,HEINZ H J CO,10-K,2011/6/16,https://www.sec.gov/Archives/edgar/data/46640/0000950123-11-059419-index.htm,2019-08-09 23:22:24,2019-08-09 23:22:32,2011-06-16,2011-04-27,https://www.sec.gov/Archives/edgar/data/46640/000095012311059419/l42543e10vk.htm
46640,46640,HEINZ H J CO,10-K,2012/6/15,https://www.sec.gov/Archives/edgar/data/46640/0000046640-12-000012-index.htm,2019-08-09 23:22:33,2019-08-09 23:22:43,2012-06-15,2012-04-29,https://www.sec.gov/Archives/edgar/data/46640/000004664012000012/hnz10k42912.htm
46640,46640,HEINZ H J CO,10-K,2013/7/9,https://www.sec.gov/Archives/edgar/data/46640/0000046640-13-000018-index.htm,2019-08-09 23:22:43,2019-08-09 23:22:53,2013-07-09,2013-04-28,https://www.sec.gov/Archives/edgar/data/46640/000004664013000018/hnz10k42813.htm
1012100,1012100,SEALED AIR CORP/DE,10-K,2000/3/27,https://www.sec.gov/Archives/edgar/data/1012100/0000912057-00-013759-index.htm,2019-08-09 23:22:53,2019-08-09 23:23:05,2000-03-27,1999-12-31,https://www.sec.gov/index.htm
1012100,1012100,SEALED AIR CORP/DE,10-K,2003/3/28,https://www.sec.gov/Archives/edgar/data/1012100/0001047469-03-010963-index.htm,2019-08-09 23:23:05,2019-08-09 23:23:16,2003-03-28,2002-12-31,https://www.sec.gov/Archives/edgar/data/1012100/000104746903010963/a2106385z10-k.htm
1012100,1012100,SEALED AIR CORP/DE,10-K,2004/3/12,https://www.sec.gov/Archives/edgar/data/1012100/0001047469-04-007565-index.htm,2019-08-09 23:23:16,2019-08-09 23:23:31,2004-03-12,2003-12-31,https://www.sec.gov/Archives/edgar/data/1012100/000104746904007565/a2130248z10-k.htm
1012100,1012100,SEALED AIR CORP/DE,10-K,2005/3/21,https://www.sec.gov/Archives/edgar/data/1012100/0001047469-05-007189-index.htm,2019-08-09 23:23:31,2019-08-09 23:23:42,2005-03-21,2004-12-31,https://www.sec.gov/Archives/edgar/data/1012100/000104746905007189/a2153494z10-k.htm
1012100,1012100,SEALED AIR CORP/DE,10-K,2006/3/15,https://www.sec.gov/Archives/edgar/data/1012100/0001047469-06-003481-index.htm,2019-08-09 23:23:42,2019-08-09 23:23:51,2006-03-15,2005-12-31,https://www.sec.gov/Archives/edgar/data/1012100/000104746906003481/a2167901z10-k.htm
1012100,1012100,SEALED AIR CORP/DE,10-K,2007/3/1,https://www.sec.gov/Archives/edgar/data/1012100/0001104659-07-015123-index.htm,2019-08-09 23:23:51,2019-08-09 23:24:01,2007-03-01,2006-12-31,https://www.sec.gov/Archives/edgar/data/1012100/000110465907015123/a07-4820_110k.htm
1012100,1012100,SEALED AIR CORP/DE,10-K,2008/2/29,https://www.sec.gov/Archives/edgar/data/1012100/0001047469-08-002080-index.htm,2019-08-09 23:24:01,2019-08-09 23:24:12,2008-02-29,2007-12-31,https://www.sec.gov/Archives/edgar/data/1012100/000104746908002080/a2183002z10-k.htm
1012100,1012100,SEALED AIR CORP/DE,10-K,2009/3/2,https://www.sec.gov/Archives/edgar/data/1012100/0001047469-09-002102-index.htm,2019-08-09 23:24:12,2019-08-09 23:24:20,2009-03-02,2008-12-31,https://www.sec.gov/Archives/edgar/data/1012100/000104746909002102/a2191105z10-k.htm
1012100,1012100,SEALED AIR CORP/DE,10-K,2010/3/1,https://www.sec.gov/Archives/edgar/data/1012100/0001047469-10-001622-index.htm,2019-08-09 23:24:21,2019-08-09 23:24:32,2010-03-01,2009-12-31,https://www.sec.gov/Archives/edgar/data/1012100/000104746910001622/a2196675z10-k.htm
1012100,1012100,SEALED AIR CORP/DE,10-K,2011/2/25,https://www.sec.gov/Archives/edgar/data/1012100/0000950123-11-018492-index.htm,2019-08-09 23:24:32,2019-08-09 23:24:44,2011-02-25,2010-12-31,https://www.sec.gov/Archives/edgar/data/1012100/000095012311018492/y88009e10vk.htm
1012100,1012100,SEALED AIR CORP/DE,10-K,2012/2/29,https://www.sec.gov/Archives/edgar/data/1012100/0001193125-12-088645-index.htm,2019-08-09 23:24:44,2019-08-09 23:24:55,2012-02-29,2011-12-31,https://www.sec.gov/Archives/edgar/data/1012100/000119312512088645/d268456d10k.htm
1012100,1012100,SEALED AIR CORP/DE,10-K,2013/3/1,https://www.sec.gov/Archives/edgar/data/1012100/0001193125-13-087879-index.htm,2019-08-09 23:24:55,2019-08-09 23:25:06,2013-03-01,2012-12-31,https://www.sec.gov/Archives/edgar/data/1012100/000119312513087879/d452256d10k.htm
1012100,1012100,SEALED AIR CORP/DE,10-K,2014/2/28,https://www.sec.gov/Archives/edgar/data/1012100/0001193125-14-076159-index.htm,2019-08-09 23:25:06,2019-08-09 23:25:16,2014-02-28,2013-12-31,https://www.sec.gov/Archives/edgar/data/1012100/000119312514076159/d641543d10k.htm
1012100,1012100,SEALED AIR CORP/DE,10-K,2015/2/27,https://www.sec.gov/Archives/edgar/data/1012100/0001564590-15-001072-index.htm,2019-08-09 23:25:16,2019-08-09 23:25:26,2015-02-27,2014-12-31,https://www.sec.gov/Archives/edgar/data/1012100/000156459015001072/see-10k_20141231.htm
1012100,1012100,SEALED AIR CORP/DE,10-K,2016/2/22,https://www.sec.gov/Archives/edgar/data/1012100/0001564590-16-013004-index.htm,2019-08-09 23:25:26,2019-08-09 23:25:37,2016-02-22,2015-12-31,https://www.sec.gov/Archives/edgar/data/1012100/000156459016013004/see-10k_20151231.htm
1012100,1012100,SEALED AIR CORP/DE,10-K,2017/2/15,https://www.sec.gov/Archives/edgar/data/1012100/0001564590-17-001648-index.htm,2019-08-09 23:25:37,2019-08-09 23:25:48,2017-02-15,2016-12-31,https://www.sec.gov/Archives/edgar/data/1012100/000156459017001648/see-10k_20161231.htm
1012100,1012100,SEALED AIR CORP/DE,10-K,2018/2/21,https://www.sec.gov/Archives/edgar/data/1012100/0001628280-18-001957-index.htm,2019-08-09 23:25:48,2019-08-09 23:26:00,2018-02-21,2017-12-31,https://www.sec.gov/Archives/edgar/data/1012100/000162828018001957/q4201710-kdocument.htm
1012100,1012100,SEALED AIR CORP/DE,10-K,2019/2/19,https://www.sec.gov/Archives/edgar/data/1012100/0001628280-19-001538-index.htm,2019-08-09 23:26:00,2019-08-09 23:26:09,2019-02-19,2018-12-31,https://www.sec.gov/Archives/edgar/data/1012100/000162828019001538/q4201810-kdocument.htm
59478,59478,LILLY ELI & CO,10-K,2000/3/30,https://www.sec.gov/Archives/edgar/data/59478/0000950131-00-002201-index.htm,2019-08-09 23:26:09,2019-08-09 23:26:19,2000-03-30,1999-12-31,https://www.sec.gov/Archives/edgar/data/59478/000095013100002201/0000950131-00-002201-d1.html
59478,59478,LILLY ELI & CO,10-K,2001/3/28,https://www.sec.gov/Archives/edgar/data/59478/0000950131-01-001634-index.htm,2019-08-09 23:26:19,2019-08-09 23:26:30,2001-03-28,2000-12-31,https://www.sec.gov/Archives/edgar/data/59478/000095013101001634/0000950131-01-001634-0001.htm
59478,59478,LILLY ELI & CO,10-K,2003/3/20,https://www.sec.gov/Archives/edgar/data/59478/0000950137-03-001575-index.htm,2019-08-09 23:26:30,2019-08-09 23:26:40,2003-03-20,2002-12-31,https://www.sec.gov/Archives/edgar/data/59478/000095013703001575/c75275e10vk.htm
59478,59478,LILLY ELI & CO,10-K,2004/3/15,https://www.sec.gov/Archives/edgar/data/59478/0000950137-04-001857-index.htm,2019-08-09 23:26:40,2019-08-09 23:26:51,2004-03-15,2003-12-31,https://www.sec.gov/Archives/edgar/data/59478/000095013704001857/c83409e10vk.htm
59478,59478,LILLY ELI & CO,10-K,2005/3/8,https://www.sec.gov/Archives/edgar/data/59478/0000950134-05-004385-index.htm,2019-08-09 23:26:51,2019-08-09 23:27:01,2005-03-08,2004-12-31,https://www.sec.gov/Archives/edgar/data/59478/000095013405004385/c92539e10vk.htm
59478,59478,LILLY ELI & CO,10-K,2006/3/1,https://www.sec.gov/Archives/edgar/data/59478/0000950137-06-002395-index.htm,2019-08-09 23:27:01,2019-08-09 23:27:10,2006-03-01,2005-12-31,https://www.sec.gov/Archives/edgar/data/59478/000095013706002395/c02657e10vk.htm
59478,59478,LILLY ELI & CO,10-K,2007/2/28,https://www.sec.gov/Archives/edgar/data/59478/0000950137-07-003013-index.htm,2019-08-09 23:27:10,2019-08-09 23:27:20,2007-02-28,2006-12-31,https://www.sec.gov/Archives/edgar/data/59478/000095013707003013/c12621e10vk.htm
59478,59478,LILLY ELI & CO,10-K,2008/2/29,https://www.sec.gov/Archives/edgar/data/59478/0000950137-08-003028-index.htm,2019-08-09 23:27:20,2019-08-09 23:27:31,2008-02-29,2007-12-31,https://www.sec.gov/Archives/edgar/data/59478/000095013708003028/c24001e10vk.htm
59478,59478,LILLY ELI & CO,10-K,2009/2/27,https://www.sec.gov/Archives/edgar/data/59478/0000950152-09-001897-index.htm,2019-08-09 23:27:31,2019-08-09 23:27:40,2009-02-27,2008-12-31,https://www.sec.gov/Archives/edgar/data/59478/000095015209001897/c49534e10vk.htm
59478,59478,LILLY ELI & CO,10-K,2010/2/22,https://www.sec.gov/Archives/edgar/data/59478/0000950123-10-014958-index.htm,2019-08-09 23:27:41,2019-08-09 23:27:52,2010-02-22,2009-12-31,https://www.sec.gov/Archives/edgar/data/59478/000095012310014958/c55339ke10vk.htm
59478,59478,LILLY ELI & CO,10-K,2011/2/22,https://www.sec.gov/Archives/edgar/data/59478/0001193125-11-041620-index.htm,2019-08-09 23:27:53,2019-08-09 23:28:03,2011-02-22,2010-12-31,https://www.sec.gov/Archives/edgar/data/59478/000119312511041620/d10k.htm
59478,59478,LILLY ELI & CO,10-K,2012/2/24,https://www.sec.gov/Archives/edgar/data/59478/0001193125-12-078393-index.htm,2019-08-09 23:28:03,2019-08-09 23:28:12,2012-02-24,2011-12-31,https://www.sec.gov/Archives/edgar/data/59478/000119312512078393/d266023d10k.htm
59478,59478,LILLY ELI & CO,10-K,2013/2/21,https://www.sec.gov/Archives/edgar/data/59478/0000059478-13-000007-index.htm,2019-08-09 23:28:12,2019-08-09 23:28:23,2013-02-21,2012-12-31,https://www.sec.gov/Archives/edgar/data/59478/000005947813000007/lly-20121231x10k.htm
59478,59478,LILLY ELI & CO,10-K,2014/2/19,https://www.sec.gov/Archives/edgar/data/59478/0000059478-14-000078-index.htm,2019-08-09 23:28:23,2019-08-09 23:28:33,2014-02-19,2013-12-31,https://www.sec.gov/Archives/edgar/data/59478/000005947814000078/lly-20131231x10k.htm
59478,59478,LILLY ELI & CO,10-K,2015/2/19,https://www.sec.gov/Archives/edgar/data/59478/0000059478-15-000100-index.htm,2019-08-09 23:28:33,2019-08-09 23:28:42,2015-02-19,2014-12-31,https://www.sec.gov/Archives/edgar/data/59478/000005947815000100/lly-20141231x10k.htm
59478,59478,LILLY ELI & CO,10-K,2016/2/19,https://www.sec.gov/Archives/edgar/data/59478/0000059478-16-000321-index.htm,2019-08-09 23:28:43,2019-08-09 23:28:52,2016-02-19,2015-12-31,https://www.sec.gov/Archives/edgar/data/59478/000005947816000321/lly-20151231x10k.htm
59478,59478,LILLY ELI & CO,10-K,2017/2/21,https://www.sec.gov/Archives/edgar/data/59478/0000059478-17-000098-index.htm,2019-08-09 23:28:53,2019-08-09 23:29:03,2017-02-21,2016-12-31,https://www.sec.gov/Archives/edgar/data/59478/000005947817000098/lly-20161231x10xk.htm
59478,59478,LILLY ELI & CO,10-K,2018/2/20,https://www.sec.gov/Archives/edgar/data/59478/0000059478-18-000089-index.htm,2019-08-09 23:29:03,2019-08-09 23:29:15,2018-02-20,2017-12-31,https://www.sec.gov/Archives/edgar/data/59478/000005947818000089/lly-20171231x10xk.htm
59478,59478,LILLY ELI & CO,10-K,2019/2/19,https://www.sec.gov/Archives/edgar/data/59478/0000059478-19-000082-index.htm,2019-08-09 23:29:15,2019-08-09 23:29:26,2019-02-19,2018-12-31,https://www.sec.gov/Archives/edgar/data/59478/000005947819000082/lly-20181231x10xk.htm
16732,16732,CAMPBELL SOUP CO,10-K,2002/10/11,https://www.sec.gov/Archives/edgar/data/16732/0000893220-02-001206-index.htm,2019-08-09 23:29:26,2019-08-09 23:29:35,2002-10-11,2002-07-28,https://www.sec.gov/Archives/edgar/data/16732/000089322002001206/w64292e10vk.htm
16732,16732,CAMPBELL SOUP CO,10-K,2003/10/9,https://www.sec.gov/Archives/edgar/data/16732/0000893220-03-001648-index.htm,2019-08-09 23:29:35,2019-08-09 23:29:46,2003-10-09,2003-08-03,https://www.sec.gov/Archives/edgar/data/16732/000089322003001648/w90322e10vk.htm
16732,16732,CAMPBELL SOUP CO,10-K,2004/10/12,https://www.sec.gov/Archives/edgar/data/16732/0000893220-04-002108-index.htm,2019-08-09 23:29:46,2019-08-09 23:29:57,2004-10-12,2004-08-01,https://www.sec.gov/Archives/edgar/data/16732/000089322004002108/w99443e10vk.htm
16732,16732,CAMPBELL SOUP CO,10-K,2005/10/11,https://www.sec.gov/Archives/edgar/data/16732/0000893220-05-002271-index.htm,2019-08-09 23:29:57,2019-08-09 23:30:08,2005-10-11,2005-07-31,https://www.sec.gov/Archives/edgar/data/16732/000089322005002271/w12996e10vk.htm
16732,16732,CAMPBELL SOUP CO,10-K,2006/10/11,https://www.sec.gov/Archives/edgar/data/16732/0000893220-06-002166-index.htm,2019-08-09 23:30:09,2019-08-09 23:30:20,2006-10-11,2006-07-30,https://www.sec.gov/Archives/edgar/data/16732/000089322006002166/w23178e10vk.htm
16732,16732,CAMPBELL SOUP CO,10-K,2007/9/26,https://www.sec.gov/Archives/edgar/data/16732/0000893220-07-003194-index.htm,2019-08-09 23:30:20,2019-08-09 23:30:28,2007-09-26,2007-07-29,https://www.sec.gov/Archives/edgar/data/16732/000089322007003194/w39657e10vk.htm
16732,16732,CAMPBELL SOUP CO,10-K,2008/10/1,https://www.sec.gov/Archives/edgar/data/16732/0000893220-08-002633-index.htm,2019-08-09 23:30:28,2019-08-09 23:30:39,2008-10-01,2008-08-03,https://www.sec.gov/Archives/edgar/data/16732/000089322008002633/w64216e10vk.htm
16732,16732,CAMPBELL SOUP CO,10-K,2009/9/30,https://www.sec.gov/Archives/edgar/data/16732/0000950123-09-047208-index.htm,2019-08-09 23:30:40,2019-08-09 23:30:49,2009-09-30,2009-08-02,https://www.sec.gov/Archives/edgar/data/16732/000095012309047208/w75715e10vk.htm
16732,16732,CAMPBELL SOUP CO,10-K,2010/9/29,https://www.sec.gov/Archives/edgar/data/16732/0000950123-10-090083-index.htm,2019-08-09 23:30:49,2019-08-09 23:30:58,2010-09-29,2010-08-01,https://www.sec.gov/Archives/edgar/data/16732/000095012310090083/w79425e10vk.htm
16732,16732,CAMPBELL SOUP CO,10-K,2011/9/28,https://www.sec.gov/Archives/edgar/data/16732/0000950123-11-087197-index.htm,2019-08-09 23:30:59,2019-08-09 23:31:08,2011-09-28,2011-07-31,https://www.sec.gov/Archives/edgar/data/16732/000095012311087197/w83891e10vk.htm
16732,16732,CAMPBELL SOUP CO,10-K,2012/9/27,https://www.sec.gov/Archives/edgar/data/16732/0000016732-12-000024-index.htm,2019-08-09 23:31:08,2019-08-09 23:31:19,2012-09-27,2012-07-29,https://www.sec.gov/Archives/edgar/data/16732/000001673212000024/cpb-07292012x10k.htm
16732,16732,CAMPBELL SOUP CO,10-K,2013/9/26,https://www.sec.gov/Archives/edgar/data/16732/0000016732-13-000023-index.htm,2019-08-09 23:31:19,2019-08-09 23:31:29,2013-09-26,2013-07-28,https://www.sec.gov/Archives/edgar/data/16732/000001673213000023/cpb-7282013x10k.htm
16732,16732,CAMPBELL SOUP CO,10-K,2014/9/24,https://www.sec.gov/Archives/edgar/data/16732/0000016732-14-000023-index.htm,2019-08-09 23:31:29,2019-08-09 23:31:41,2014-09-24,2014-08-03,https://www.sec.gov/Archives/edgar/data/16732/000001673214000023/cpb-832014x10k.htm
16732,16732,CAMPBELL SOUP CO,10-K,2015/9/29,https://www.sec.gov/Archives/edgar/data/16732/0000016732-15-000034-index.htm,2019-08-09 23:31:41,2019-08-09 23:31:50,2015-09-29,2015-08-02,https://www.sec.gov/Archives/edgar/data/16732/000001673215000034/cpb-822015x10k.htm
16732,16732,CAMPBELL SOUP CO,10-K,2016/9/22,https://www.sec.gov/Archives/edgar/data/16732/0000016732-16-000146-index.htm,2019-08-09 23:31:51,2019-08-09 23:32:00,2016-09-22,2016-07-31,https://www.sec.gov/Archives/edgar/data/16732/000001673216000146/cpb-7312016x10xk.htm
16732,16732,CAMPBELL SOUP CO,10-K,2017/9/27,https://www.sec.gov/Archives/edgar/data/16732/0000016732-17-000058-index.htm,2019-08-09 23:32:00,2019-08-09 23:32:18,2017-09-27,2017-07-30,https://www.sec.gov/Archives/edgar/data/16732/000001673217000058/cpb-7302017x10xk.htm
16732,16732,CAMPBELL SOUP CO,10-K,2018/9/27,https://www.sec.gov/Archives/edgar/data/16732/0000016732-18-000062-index.htm,2019-08-09 23:32:18,2019-08-09 23:32:28,2018-09-27,2018-07-29,https://www.sec.gov/Archives/edgar/data/16732/000001673218000062/cpb-7292018x10xk.htm
773840,773840,HONEYWELL INTERNATIONAL INC,10-K,2001/3/30,https://www.sec.gov/Archives/edgar/data/773840/0000950117-01-000640-index.htm,2019-08-09 23:32:28,2019-08-09 23:32:40,2001-03-30,2000-12-31,https://www.sec.gov/Archives/edgar/data/773840/000095011701000640/0000950117-01-000640-0001.txt
773840,773840,HONEYWELL INTERNATIONAL INC,10-K,2002/3/20,https://www.sec.gov/Archives/edgar/data/773840/0000950117-02-000539-index.htm,2019-08-09 23:32:40,2019-08-09 23:32:49,2002-03-20,2001-12-31,https://www.sec.gov/Archives/edgar/data/773840/000095011702000539/a31661.txt
773840,773840,HONEYWELL INTERNATIONAL INC,10-K,2003/3/6,https://www.sec.gov/Archives/edgar/data/773840/0000950117-03-000910-index.htm,2019-08-09 23:32:49,2019-08-09 23:32:59,2003-03-06,2002-12-31,https://www.sec.gov/Archives/edgar/data/773840/000095011703000910/a34239.txt
773840,773840,HONEYWELL INTERNATIONAL INC,10-K,2004/3/4,https://www.sec.gov/Archives/edgar/data/773840/0000950117-04-000868-index.htm,2019-08-09 23:32:59,2019-08-09 23:33:09,2004-03-04,2003-12-31,https://www.sec.gov/Archives/edgar/data/773840/000095011704000868/a36887.txt
773840,773840,HONEYWELL INTERNATIONAL INC,10-K,2005/2/25,https://www.sec.gov/Archives/edgar/data/773840/0000950117-05-000756-index.htm,2019-08-09 23:33:09,2019-08-09 23:33:18,2005-02-25,2004-12-31,https://www.sec.gov/Archives/edgar/data/773840/000095011705000756/a38747.htm
773840,773840,HONEYWELL INTERNATIONAL INC,10-K,2006/3/1,https://www.sec.gov/Archives/edgar/data/773840/0000950117-06-000980-index.htm,2019-08-09 23:33:19,2019-08-09 23:33:30,2006-03-01,2005-12-31,https://www.sec.gov/Archives/edgar/data/773840/000095011706000980/a41243.htm
773840,773840,HONEYWELL INTERNATIONAL INC,10-K,2007/2/16,https://www.sec.gov/Archives/edgar/data/773840/0000930413-07-001369-index.htm,2019-08-09 23:33:30,2019-08-09 23:33:39,2007-02-16,2006-12-31,https://www.sec.gov/Archives/edgar/data/773840/000093041307001369/c44492_10k.htm
773840,773840,HONEYWELL INTERNATIONAL INC,10-K,2008/2/15,https://www.sec.gov/Archives/edgar/data/773840/0000930413-08-001037-index.htm,2019-08-09 23:33:39,2019-08-09 23:33:49,2008-02-15,2007-12-31,https://www.sec.gov/Archives/edgar/data/773840/000093041308001037/c51271_10k.htm
773840,773840,HONEYWELL INTERNATIONAL INC,10-K,2009/2/13,https://www.sec.gov/Archives/edgar/data/773840/0000930413-09-000801-index.htm,2019-08-09 23:33:49,2019-08-09 23:34:01,2009-02-13,2008-12-31,https://www.sec.gov/Archives/edgar/data/773840/000093041309000801/c56028_10k.htm
773840,773840,HONEYWELL INTERNATIONAL INC,10-K,2010/2/12,https://www.sec.gov/Archives/edgar/data/773840/0000930413-10-000784-index.htm,2019-08-09 23:34:01,2019-08-09 23:34:11,2010-02-12,2009-12-31,https://www.sec.gov/Archives/edgar/data/773840/000093041310000784/c60039_10k.htm
773840,773840,HONEYWELL INTERNATIONAL INC,10-K,2011/2/11,https://www.sec.gov/Archives/edgar/data/773840/0000930413-11-000961-index.htm,2019-08-09 23:34:11,2019-08-09 23:34:22,2011-02-11,2010-12-31,https://www.sec.gov/Archives/edgar/data/773840/000093041311000961/c63936_10-k.htm
773840,773840,HONEYWELL INTERNATIONAL INC,10-K,2012/2/17,https://www.sec.gov/Archives/edgar/data/773840/0000930413-12-000976-index.htm,2019-08-09 23:34:22,2019-08-09 23:34:31,2012-02-17,2011-12-31,https://www.sec.gov/Archives/edgar/data/773840/000093041312000976/c68029_10k.htm
773840,773840,HONEYWELL INTERNATIONAL INC,10-K,2013/2/15,https://www.sec.gov/Archives/edgar/data/773840/0000930413-13-000907-index.htm,2019-08-09 23:34:31,2019-08-09 23:34:42,2013-02-15,2012-12-31,https://www.sec.gov/Archives/edgar/data/773840/000093041313000907/c72130_10-k.htm
773840,773840,HONEYWELL INTERNATIONAL INC,10-K,2014/2/14,https://www.sec.gov/Archives/edgar/data/773840/0000930413-14-000634-index.htm,2019-08-09 23:34:42,2019-08-09 23:34:52,2014-02-14,2013-12-31,https://www.sec.gov/Archives/edgar/data/773840/000093041314000634/c75936_10k.htm
773840,773840,HONEYWELL INTERNATIONAL INC,10-K,2015/2/13,https://www.sec.gov/Archives/edgar/data/773840/0000930413-15-000621-index.htm,2019-08-09 23:34:52,2019-08-09 23:35:01,2015-02-13,2014-12-31,https://www.sec.gov/Archives/edgar/data/773840/000093041315000621/c79276_10k.htm
773840,773840,HONEYWELL INTERNATIONAL INC,10-K,2016/2/12,https://www.sec.gov/Archives/edgar/data/773840/0000930413-16-005457-index.htm,2019-08-09 23:35:01,2019-08-09 23:35:11,2016-02-12,2015-12-31,https://www.sec.gov/Archives/edgar/data/773840/000093041316005457/c83288_10k.htm
773840,773840,HONEYWELL INTERNATIONAL INC,10-K,2017/2/10,https://www.sec.gov/Archives/edgar/data/773840/0000930413-17-000391-index.htm,2019-08-09 23:35:11,2019-08-09 23:35:20,2017-02-10,2016-12-31,https://www.sec.gov/Archives/edgar/data/773840/000093041317000391/c86783_10k.htm
773840,773840,HONEYWELL INTERNATIONAL INC,10-K,2018/2/9,https://www.sec.gov/Archives/edgar/data/773840/0000930413-18-000292-index.htm,2019-08-09 23:35:20,2019-08-09 23:35:30,2018-02-09,2017-12-31,https://www.sec.gov/Archives/edgar/data/773840/000093041318000292/c89913_10k.htm
773840,773840,HONEYWELL INTERNATIONAL INC,10-K,2019/2/8,https://www.sec.gov/Archives/edgar/data/773840/0000930413-19-000366-index.htm,2019-08-09 23:35:30,2019-08-09 23:35:40,2019-02-08,2018-12-31,https://www.sec.gov/Archives/edgar/data/773840/000093041319000366/c92779_10k.htm
55067,55067,KELLOGG CO,10-K,2001/3/13,https://www.sec.gov/Archives/edgar/data/55067/0000950124-01-001250-index.htm,2019-08-09 23:35:40,2019-08-09 23:35:50,2001-03-13,2000-12-31,https://www.sec.gov/Archives/edgar/data/55067/000095012401001250/k60557e10-k.htm
55067,55067,KELLOGG CO,10-K,2002/3/25,https://www.sec.gov/Archives/edgar/data/55067/0000950124-02-000980-index.htm,2019-08-09 23:35:50,2019-08-09 23:35:59,2002-03-25,2001-12-31,https://www.sec.gov/Archives/edgar/data/55067/000095012402000980/k67850e10-k.htm
55067,55067,KELLOGG CO,10-K,2003/3/14,https://www.sec.gov/Archives/edgar/data/55067/0000950124-03-000647-index.htm,2019-08-09 23:35:59,2019-08-09 23:36:17,2003-03-14,2002-12-31,https://www.sec.gov/Archives/edgar/data/55067/000095012403000647/k74347e10vk.htm
55067,55067,KELLOGG CO,10-K,2004/3/10,https://www.sec.gov/Archives/edgar/data/55067/0000950124-04-000801-index.htm,2019-08-09 23:36:17,2019-08-09 23:36:27,2004-03-10,2003-12-27,https://www.sec.gov/Archives/edgar/data/55067/000095012404000801/k82532e10vk.htm
55067,55067,KELLOGG CO,10-K,2005/3/14,https://www.sec.gov/Archives/edgar/data/55067/0000950124-05-001480-index.htm,2019-08-09 23:36:27,2019-08-09 23:36:39,2005-03-14,2005-01-01,https://www.sec.gov/Archives/edgar/data/55067/000095012405001480/k91924e10vk.htm
55067,55067,KELLOGG CO,10-K,2006/2/28,https://www.sec.gov/Archives/edgar/data/55067/0000950124-06-000896-index.htm,2019-08-09 23:36:39,2019-08-09 23:36:49,2006-02-28,2005-12-31,https://www.sec.gov/Archives/edgar/data/55067/000095012406000896/k02193e10vk.htm
55067,55067,KELLOGG CO,10-K,2007/2/23,https://www.sec.gov/Archives/edgar/data/55067/0000950124-07-001044-index.htm,2019-08-09 23:36:49,2019-08-09 23:36:58,2007-02-23,2006-12-30,https://www.sec.gov/Archives/edgar/data/55067/000095012407001044/k11902e10vk.htm
55067,55067,KELLOGG CO,10-K,2008/2/25,https://www.sec.gov/Archives/edgar/data/55067/0000950124-08-000801-index.htm,2019-08-09 23:36:59,2019-08-09 23:37:08,2008-02-25,2007-12-29,https://www.sec.gov/Archives/edgar/data/55067/000095012408000801/k22969e10vk.htm
55067,55067,KELLOGG CO,10-K,2009/2/24,https://www.sec.gov/Archives/edgar/data/55067/0000950152-09-001670-index.htm,2019-08-09 23:37:08,2019-08-09 23:37:19,2009-02-24,2009-01-03,https://www.sec.gov/Archives/edgar/data/55067/000095015209001670/k47381e10vk.htm
55067,55067,KELLOGG CO,10-K,2010/2/26,https://www.sec.gov/Archives/edgar/data/55067/0001193125-10-042654-index.htm,2019-08-09 23:37:19,2019-08-09 23:37:30,2010-02-26,2010-01-02,https://www.sec.gov/Archives/edgar/data/55067/000119312510042654/d10k.htm
55067,55067,KELLOGG CO,10-K,2011/2/25,https://www.sec.gov/Archives/edgar/data/55067/0001193125-11-047372-index.htm,2019-08-09 23:37:31,2019-08-09 23:37:41,2011-02-25,2011-01-01,https://www.sec.gov/Archives/edgar/data/55067/000119312511047372/d10k.htm
55067,55067,KELLOGG CO,10-K,2012/2/29,https://www.sec.gov/Archives/edgar/data/55067/0001193125-12-085976-index.htm,2019-08-09 23:37:41,2019-08-09 23:37:53,2012-02-29,2011-12-31,https://www.sec.gov/Archives/edgar/data/55067/000119312512085976/d279714d10k.htm
55067,55067,KELLOGG CO,10-K,2013/2/26,https://www.sec.gov/Archives/edgar/data/55067/0001193125-13-075288-index.htm,2019-08-09 23:37:53,2019-08-09 23:38:05,2013-02-26,2012-12-29,https://www.sec.gov/Archives/edgar/data/55067/000119312513075288/d487202d10k.htm
55067,55067,KELLOGG CO,10-K,2014/2/24,https://www.sec.gov/Archives/edgar/data/55067/0001193125-14-065068-index.htm,2019-08-09 23:38:05,2019-08-09 23:38:16,2014-02-24,2013-12-28,https://www.sec.gov/Archives/edgar/data/55067/000119312514065068/d668818d10k.htm
55067,55067,KELLOGG CO,10-K,2015/2/25,https://www.sec.gov/Archives/edgar/data/55067/0001193125-15-062865-index.htm,2019-08-09 23:38:16,2019-08-09 23:38:27,2015-02-25,2015-01-03,https://www.sec.gov/Archives/edgar/data/55067/000119312515062865/d853014d10k.htm
55067,55067,KELLOGG CO,10-K,2016/2/24,https://www.sec.gov/Archives/edgar/data/55067/0001628280-16-011639-index.htm,2019-08-09 23:38:28,2019-08-09 23:38:38,2016-02-24,2016-01-02,https://www.sec.gov/Archives/edgar/data/55067/000162828016011639/k-2015q410xk.htm
55067,55067,KELLOGG CO,10-K,2017/2/21,https://www.sec.gov/Archives/edgar/data/55067/0001628280-17-001510-index.htm,2019-08-09 23:38:38,2019-08-09 23:38:47,2017-02-21,2016-12-31,https://www.sec.gov/Archives/edgar/data/55067/000162828017001510/k-2016q410xk.htm
55067,55067,KELLOGG CO,10-K,2018/2/20,https://www.sec.gov/Archives/edgar/data/55067/0001628280-18-001872-index.htm,2019-08-09 23:38:47,2019-08-09 23:38:58,2018-02-20,2017-12-30,https://www.sec.gov/Archives/edgar/data/55067/000162828018001872/k-2017q410xk.htm
55067,55067,KELLOGG CO,10-K,2019/2/25,https://www.sec.gov/Archives/edgar/data/55067/0001628280-19-001864-index.htm,2019-08-09 23:38:58,2019-08-09 23:39:10,2019-02-25,2018-12-29,https://www.sec.gov/Archives/edgar/data/55067/000162828019001864/k-2018q410xk.htm
100790,100790,UNION CARBIDE CORP /NEW/,10-K,2002/3/20,https://www.sec.gov/Archives/edgar/data/100790/0000912057-02-010680-index.htm,2019-08-09 23:39:10,2019-08-09 23:39:20,2002-03-20,2001-12-31,https://www.sec.gov/Archives/edgar/data/100790/000091205702010680/a2072374z10-k.htm
100790,100790,UNION CARBIDE CORP /NEW/,10-K,2003/2/28,https://www.sec.gov/Archives/edgar/data/100790/0001104659-03-003204-index.htm,2019-08-09 23:39:20,2019-08-09 23:39:31,2003-02-28,2002-12-31,https://www.sec.gov/Archives/edgar/data/100790/000110465903003204/j7851_10k.htm
100790,100790,UNION CARBIDE CORP /NEW/,10-K,2004/2/20,https://www.sec.gov/Archives/edgar/data/100790/0001047469-04-005080-index.htm,2019-08-09 23:39:31,2019-08-09 23:39:40,2004-02-20,2003-12-31,https://www.sec.gov/Archives/edgar/data/100790/000104746904005080/a2128959z10-k.htm
100790,100790,UNION CARBIDE CORP /NEW/,10-K,2005/2/18,https://www.sec.gov/Archives/edgar/data/100790/0001047469-05-004198-index.htm,2019-08-09 23:39:40,2019-08-09 23:39:51,2005-02-18,2004-12-31,https://www.sec.gov/Archives/edgar/data/100790/000104746905004198/a2151918z10-k.htm
100790,100790,UNION CARBIDE CORP /NEW/,10-K,2006/2/21,https://www.sec.gov/Archives/edgar/data/100790/0001104659-06-010750-index.htm,2019-08-09 23:39:51,2019-08-09 23:40:02,2006-02-21,2005-12-31,https://www.sec.gov/Archives/edgar/data/100790/000110465906010750/a06-2502_110k.htm
100790,100790,UNION CARBIDE CORP /NEW/,10-K,2007/2/20,https://www.sec.gov/Archives/edgar/data/100790/0001104659-07-012237-index.htm,2019-08-09 23:40:02,2019-08-09 23:40:11,2007-02-20,2006-12-31,https://www.sec.gov/Archives/edgar/data/100790/000110465907012237/a07-4617_110k.htm
100790,100790,UNION CARBIDE CORP /NEW/,10-K,2008/2/19,https://www.sec.gov/Archives/edgar/data/100790/0001104659-08-011551-index.htm,2019-08-09 23:40:11,2019-08-09 23:40:21,2008-02-19,2007-12-31,https://www.sec.gov/Archives/edgar/data/100790/000110465908011551/a08-2390_110k.htm
100790,100790,UNION CARBIDE CORP /NEW/,10-K,2009/2/20,https://www.sec.gov/Archives/edgar/data/100790/0000029915-09-000015-index.htm,2019-08-09 23:40:21,2019-08-09 23:40:32,2009-02-20,2008-12-31,https://www.sec.gov/Archives/edgar/data/100790/000002991509000015/ucc_form10-k2008.htm
100790,100790,UNION CARBIDE CORP /NEW/,10-K,2010/2/19,https://www.sec.gov/Archives/edgar/data/100790/0000029915-10-000026-index.htm,2019-08-09 23:40:32,2019-08-09 23:40:41,2010-02-19,2009-12-31,https://www.sec.gov/Archives/edgar/data/100790/000002991510000026/ucc_form10-k2009.htm
100790,100790,UNION CARBIDE CORP /NEW/,10-K,2011/2/18,https://www.sec.gov/Archives/edgar/data/100790/0000029915-11-000008-index.htm,2019-08-09 23:40:41,2019-08-09 23:40:51,2011-02-18,2010-12-31,https://www.sec.gov/Archives/edgar/data/100790/000002991511000008/ucc_form10-k2010.htm
100790,100790,UNION CARBIDE CORP /NEW/,10-K,2012/2/15,https://www.sec.gov/Archives/edgar/data/100790/0000029915-12-000006-index.htm,2019-08-09 23:40:51,2019-08-09 23:41:02,2012-02-15,2011-12-31,https://www.sec.gov/Archives/edgar/data/100790/000002991512000006/unioncarbide-201110k.htm
100790,100790,UNION CARBIDE CORP /NEW/,10-K,2013/2/15,https://www.sec.gov/Archives/edgar/data/100790/0000029915-13-000012-index.htm,2019-08-09 23:41:02,2019-08-09 23:41:12,2013-02-15,2012-12-31,https://www.sec.gov/Archives/edgar/data/100790/000002991513000012/ucc201210k.htm
100790,100790,UNION CARBIDE CORP /NEW/,10-K,2014/2/14,https://www.sec.gov/Archives/edgar/data/100790/0000029915-14-000010-index.htm,2019-08-09 23:41:12,2019-08-09 23:41:21,2014-02-14,2013-12-31,https://www.sec.gov/Archives/edgar/data/100790/000002991514000010/ucc201310k.htm
100790,100790,UNION CARBIDE CORP /NEW/,10-K,2015/2/13,https://www.sec.gov/Archives/edgar/data/100790/0000029915-15-000009-index.htm,2019-08-09 23:41:21,2019-08-09 23:41:32,2015-02-13,2014-12-31,https://www.sec.gov/Archives/edgar/data/100790/000002991515000009/ucc201410k.htm
100790,100790,UNION CARBIDE CORP /NEW/,10-K,2016/2/12,https://www.sec.gov/Archives/edgar/data/100790/0000029915-16-000064-index.htm,2019-08-09 23:41:32,2019-08-09 23:41:43,2016-02-12,2015-12-31,https://www.sec.gov/Archives/edgar/data/100790/000002991516000064/ucc201510k.htm
100790,100790,UNION CARBIDE CORP /NEW/,10-K,2017/2/9,https://www.sec.gov/Archives/edgar/data/100790/0000029915-17-000009-index.htm,2019-08-09 23:41:44,2019-08-09 23:41:54,2017-02-09,2016-12-31,https://www.sec.gov/Archives/edgar/data/100790/000002991517000009/ucc201610k.htm
100790,100790,UNION CARBIDE CORP /NEW/,10-K,2018/2/15,https://www.sec.gov/Archives/edgar/data/100790/0000029915-18-000005-index.htm,2019-08-09 23:41:54,2019-08-09 23:42:04,2018-02-15,2017-12-31,https://www.sec.gov/Archives/edgar/data/100790/000002991518000005/ucc201710k.htm
100790,100790,UNION CARBIDE CORP /NEW/,10-K,2019/2/11,https://www.sec.gov/Archives/edgar/data/100790/0000029915-19-000004-index.htm,2019-08-09 23:42:04,2019-08-09 23:42:13,2019-02-11,2018-12-31,https://www.sec.gov/Archives/edgar/data/100790/000002991519000004/ucc201810k.htm
1141982,1141982,COOPER INDUSTRIES LTD,10-K,2003/2/26,https://www.sec.gov/Archives/edgar/data/1141982/0000950129-03-001049-index.htm,2019-08-09 23:42:13,2019-08-09 23:42:24,2003-02-26,2002-12-31,https://www.sec.gov/Archives/edgar/data/1141982/000095012903001049/h03060e10vk.txt
1141982,1141982,COOPER INDUSTRIES LTD,10-K,2004/3/8,https://www.sec.gov/Archives/edgar/data/1141982/0000950129-04-001057-index.htm,2019-08-09 23:42:24,2019-08-09 23:42:35,2004-03-08,2003-12-31,https://www.sec.gov/Archives/edgar/data/1141982/000095012904001057/h12470e10vk.txt
1141982,1141982,COOPER INDUSTRIES LTD,10-K,2005/2/22,https://www.sec.gov/Archives/edgar/data/1141982/0000950129-05-001490-index.htm,2019-08-09 23:42:35,2019-08-09 23:42:47,2005-02-22,2004-12-31,https://www.sec.gov/Archives/edgar/data/1141982/000095012905001490/h22660e10vk.htm
1141982,1141982,COOPER INDUSTRIES LTD,10-K,2006/3/1,https://www.sec.gov/Archives/edgar/data/1141982/0000950129-06-002117-index.htm,2019-08-09 23:42:47,2019-08-09 23:42:59,2006-03-01,2005-12-31,https://www.sec.gov/Archives/edgar/data/1141982/000095012906002117/h33447e10vk.htm
1141982,1141982,COOPER INDUSTRIES LTD,10-K,2007/2/21,https://www.sec.gov/Archives/edgar/data/1141982/0000950129-07-000803-index.htm,2019-08-09 23:42:59,2019-08-09 23:43:10,2007-02-21,2006-12-31,https://www.sec.gov/Archives/edgar/data/1141982/000095012907000803/h43741e10vk.htm
1141982,1141982,COOPER INDUSTRIES LTD,10-K,2008/2/22,https://www.sec.gov/Archives/edgar/data/1141982/0000950129-08-001096-index.htm,2019-08-09 23:43:10,2019-08-09 23:43:20,2008-02-22,2007-12-31,https://www.sec.gov/Archives/edgar/data/1141982/000095012908001096/h53891e10vk.htm
1141982,1141982,COOPER INDUSTRIES LTD,10-K,2009/2/24,https://www.sec.gov/Archives/edgar/data/1141982/0000950129-09-000529-index.htm,2019-08-09 23:43:20,2019-08-09 23:43:31,2009-02-24,2008-12-31,https://www.sec.gov/Archives/edgar/data/1141982/000095012909000529/h65798e10vk.htm
1141982,1141982,Cooper Industries plc,10-K,2010/2/19,https://www.sec.gov/Archives/edgar/data/1141982/0000950123-10-014528-index.htm,2019-08-09 23:43:31,2019-08-09 23:43:43,2010-02-19,2009-12-31,https://www.sec.gov/Archives/edgar/data/1141982/000095012310014528/h69018e10vk.htm
1141982,1141982,Cooper Industries plc,10-K,2011/2/22,https://www.sec.gov/Archives/edgar/data/1141982/0000950123-11-016589-index.htm,2019-08-09 23:43:43,2019-08-09 23:43:53,2011-02-22,2010-12-31,https://www.sec.gov/Archives/edgar/data/1141982/000095012311016589/h78025e10vk.htm
1141982,1141982,Cooper Industries plc,10-K,2012/2/21,https://www.sec.gov/Archives/edgar/data/1141982/0001193125-12-070617-index.htm,2019-08-09 23:43:53,2019-08-09 23:44:03,2012-02-21,2011-12-31,https://www.sec.gov/Archives/edgar/data/1141982/000119312512070617/d268448d10k.htm
50863,50863,INTEL CORP,10-K,2000/3/23,https://www.sec.gov/Archives/edgar/data/50863/0001012870-00-001562-index.htm,2019-08-09 23:44:03,2019-08-09 23:44:12,2000-03-23,1999-12-25,https://www.sec.gov/index.htm
50863,50863,INTEL CORP,10-K,2001/3/13,https://www.sec.gov/Archives/edgar/data/50863/0000912057-01-503434-index.htm,2019-08-09 23:44:12,2019-08-09 23:44:22,2001-03-13,2000-12-30,https://www.sec.gov/Archives/edgar/data/50863/000091205701503434/a2040883z10-k.htm
50863,50863,INTEL CORP,10-K,2002/3/13,https://www.sec.gov/Archives/edgar/data/50863/0000912057-02-009698-index.htm,2019-08-09 23:44:22,2019-08-09 23:44:32,2002-03-13,2001-12-29,https://www.sec.gov/Archives/edgar/data/50863/000091205702009698/a2072777z10-k.htm
50863,50863,INTEL CORP,10-K,2003/3/11,https://www.sec.gov/Archives/edgar/data/50863/0001047469-03-008257-index.htm,2019-08-09 23:44:32,2019-08-09 23:44:44,2003-03-11,2002-12-28,https://www.sec.gov/Archives/edgar/data/50863/000104746903008257/a2104280z10-k.htm
50863,50863,INTEL CORP,10-K,2004/2/23,https://www.sec.gov/Archives/edgar/data/50863/0001193125-04-027430-index.htm,2019-08-09 23:44:44,2019-08-09 23:44:53,2004-02-23,2003-12-27,https://www.sec.gov/Archives/edgar/data/50863/000119312504027430/d10k.htm
50863,50863,INTEL CORP,10-K,2005/2/22,https://www.sec.gov/Archives/edgar/data/50863/0001193125-05-033162-index.htm,2019-08-09 23:44:53,2019-08-09 23:45:04,2005-02-22,2004-12-25,https://www.sec.gov/Archives/edgar/data/50863/000119312505033162/d10k.htm
50863,50863,INTEL CORP,10-K,2006/2/27,https://www.sec.gov/Archives/edgar/data/50863/0000891618-06-000089-index.htm,2019-08-09 23:45:05,2019-08-09 23:45:14,2006-02-27,2005-12-31,https://www.sec.gov/Archives/edgar/data/50863/000089161806000089/f12963e10vk.htm
50863,50863,INTEL CORP,10-K,2007/2/26,https://www.sec.gov/Archives/edgar/data/50863/0000891618-07-000111-index.htm,2019-08-09 23:45:14,2019-08-09 23:45:23,2007-02-26,2006-12-30,https://www.sec.gov/Archives/edgar/data/50863/000089161807000111/f23627e10vk.htm
50863,50863,INTEL CORP,10-K,2008/2/20,https://www.sec.gov/Archives/edgar/data/50863/0000891618-08-000106-index.htm,2019-08-09 23:45:23,2019-08-09 23:45:34,2008-02-20,2007-12-29,https://www.sec.gov/Archives/edgar/data/50863/000089161808000106/f36442e10vk.htm
50863,50863,INTEL CORP,10-K,2009/2/23,https://www.sec.gov/Archives/edgar/data/50863/0000891618-09-000047-index.htm,2019-08-09 23:45:34,2019-08-09 23:45:46,2009-02-23,2008-12-27,https://www.sec.gov/Archives/edgar/data/50863/000089161809000047/f50771e10vk.htm
50863,50863,INTEL CORP,10-K,2010/2/22,https://www.sec.gov/Archives/edgar/data/50863/0000950123-10-015237-index.htm,2019-08-09 23:45:46,2019-08-09 23:45:55,2010-02-22,2009-12-26,https://www.sec.gov/Archives/edgar/data/50863/000095012310015237/f54119e10vk.htm
50863,50863,INTEL CORP,10-K,2011/2/18,https://www.sec.gov/Archives/edgar/data/50863/0000950123-11-015783-index.htm,2019-08-09 23:45:55,2019-08-09 23:46:05,2011-02-18,2010-12-25,https://www.sec.gov/Archives/edgar/data/50863/000095012311015783/f56033e10vk.htm
50863,50863,INTEL CORP,10-K,2012/2/23,https://www.sec.gov/Archives/edgar/data/50863/0001193125-12-075534-index.htm,2019-08-09 23:46:05,2019-08-09 23:46:16,2012-02-23,2011-12-31,https://www.sec.gov/Archives/edgar/data/50863/000119312512075534/d302695d10k.htm
50863,50863,INTEL CORP,10-K,2013/2/19,https://www.sec.gov/Archives/edgar/data/50863/0001193125-13-065416-index.htm,2019-08-09 23:46:16,2019-08-09 23:46:27,2013-02-19,2012-12-29,https://www.sec.gov/Archives/edgar/data/50863/000119312513065416/d424446d10k.htm
50863,50863,INTEL CORP,10-K,2014/2/14,https://www.sec.gov/Archives/edgar/data/50863/0000050863-14-000020-index.htm,2019-08-09 23:46:28,2019-08-09 23:46:37,2014-02-14,2013-12-28,https://www.sec.gov/Archives/edgar/data/50863/000005086314000020/a10kdocument12282013.htm
50863,50863,INTEL CORP,10-K,2015/2/13,https://www.sec.gov/Archives/edgar/data/50863/0000050863-15-000015-index.htm,2019-08-09 23:46:37,2019-08-09 23:46:46,2015-02-13,2014-12-27,https://www.sec.gov/Archives/edgar/data/50863/000005086315000015/a10kdocument12272014.htm
50863,50863,INTEL CORP,10-K,2016/2/12,https://www.sec.gov/Archives/edgar/data/50863/0000050863-16-000105-index.htm,2019-08-09 23:46:46,2019-08-09 23:46:57,2016-02-12,2015-12-26,https://www.sec.gov/Archives/edgar/data/50863/000005086316000105/a10kdocument12262015q4.htm
50863,50863,INTEL CORP,10-K,2017/2/17,https://www.sec.gov/Archives/edgar/data/50863/0000050863-17-000012-index.htm,2019-08-09 23:46:57,2019-08-09 23:47:07,2017-02-17,2016-12-31,https://www.sec.gov/Archives/edgar/data/50863/000005086317000012/a10kdocument12312016q4.htm
50863,50863,INTEL CORP,10-K,2018/2/16,https://www.sec.gov/Archives/edgar/data/50863/0000050863-18-000007-index.htm,2019-08-09 23:47:07,2019-08-09 23:47:15,2018-02-16,2017-12-30,https://www.sec.gov/Archives/edgar/data/50863/000005086318000007/a12302017q4-10kdocument.htm
50863,50863,INTEL CORP,10-K,2019/2/1,https://www.sec.gov/Archives/edgar/data/50863/0000050863-19-000007-index.htm,2019-08-09 23:47:16,2019-08-09 23:47:26,2019-02-01,2018-12-29,https://www.sec.gov/Archives/edgar/data/50863/000005086319000007/a12292018q4-10kdocument.htm
4447,4447,HESS CORP,10-K,2009/2/27,https://www.sec.gov/Archives/edgar/data/4447/0000950123-09-003700-index.htm,2019-08-09 23:47:26,2019-08-09 23:47:38,2009-02-27,2008-12-31,https://www.sec.gov/Archives/edgar/data/4447/000095012309003700/y74825e10vk.htm
4447,4447,AMERADA HESS CORP,10-K,2004/3/12,https://www.sec.gov/Archives/edgar/data/4447/0000950123-04-003250-index.htm,2019-08-09 23:47:38,2019-08-09 23:47:47,2004-03-12,2003-12-31,https://www.sec.gov/Archives/edgar/data/4447/000095012304003250/y93542e10vk.htm
